#ENDOFHEADER,,,,,,,,,,,,,,,,,,,,
,,,,,,,,,,,,,,,,,,,,
#TRANSCOLOR,0,255,0,,,,,,,,,,,,,,,,,
#STARTINPUT,1000,,,,,,,,,,,,,,,,,,,
#SCENETIME,10000,,,,,,,,,,,,,,,,,,,
,,,,,,,,,,,,,,,,,,,,
#FONT,20,4,2,・EEEEEEEEEEEEEEEq・EEEEEEEEEEEEEEE・EEEEEEEEEEEEEEE・EEEEEEEEEEEEEEEM・EEEEEEEEEEEEEEEm・EEEEEEEEEEEEEEEp・EEEEEEEEEEEEEEES8,・EEEEEEEEEEEEEEEl・EEEEEEEEEEEEEEEr ・EEEEEEEEEEEEEEEo・EEEEEEEEEEEEEEES・EEEEEEEEEEEEEEEV・EEEEEEEEEEEEEEEb・EEEEEEEEEEEEEEEN,,,,,,,,,,,,,,,
#LR2FONT,LR2files\Theme\Colorbleed\font\font.lr2font,,,,,,//0,,,,,,,,,,,,,
,,,,,,,,,,,,,,,,,,,,
#FADEOUT,550,,,,,,,,,,,,,,,,,,,
,,,,,,,,,,,,,,,,,,,,
#SKIP,1000,,,,,,,,,,,,,,,,,,,
,,,,,,,,,,,,,,,,,,,,
//[・E・E・E・E・E・E・E`],,,,,,,,,,,,,,,,,,,,
#IMAGE,LR2files\Theme\Colorbleed\decide\decide.png,,,,,//0,,,,,,,,,,,,,,
#IMAGE,LR2files\Theme\Colorbleed\Play\sysalt.png,,,,,//1,,,,,,,,,,,,,,
//[・Et・EH・E・E・Eg・E・E・E`],,,,,,,,,,,,,,,,,,,,
#LR2FONT,LR2files\Theme\Colorbleed\font\font.lr2font,,,,,,//0,,,,,,,,,,,,,
,,,,,,,,,,,,,,,,,,,,
,,,,,,,,,,,,,,,,,,,,
,,,,,,,,,,,,,,,,,,,,
///////////////////////////////////////,,,,,,,,,,,,,,,,,,,,
//・Et・EF・E[・Eh・EA・EE・Eg,,,,,,,,,,,,,,,,,,,,
//SRC・E・E・E`,(NULL),gr,x,y,w,h,div_x,div_y,cycle,timer,op1,op2,op3,,,,,,,
#SRC_IMAGE,0,100,0,0,-1,-1,1,1,0,0,0,0,0,,,,,,,
//DST・E・E・E`,(NULL),time,x,y,w,h,acc,a,r,g,b,blend,filter,angle,center,loop,timer,op1,op2,op3
#DST_IMAGE,0,0,0,0,1280,720,0,0,255,255,255,1,0,0,0,300,0,0,0,0
#DST_IMAGE,0,100,0,0,1280,720,0,255,255,255,255,1,0,0,0,0,0,0,0,0
#DST_IMAGE,0,300,0,0,1280,720,0,128,255,255,255,1,0,0,0,0,0,0,0,0
//SRC・E・E・E`,(NULL),gr,x,y,w,h,div_x,div_y,cycle,timer,op1,op2,op3,,,,,,,
#SRC_IMAGE,0,111,0,0,-1,-1,1,1,0,0,0,0,0,,,,,,,
//DST・E・E・E`,(NULL),time,x,y,w,h,acc,a,r,g,b,blend,filter,angle,center,loop,timer,op1,op2,op3
#DST_IMAGE,0,0,0,0,1280,720,0,0,255,255,255,1,0,0,0,300,0,0,0,0
#DST_IMAGE,0,100,0,0,1280,720,0,128,255,255,255,1,0,0,0,0,0,0,0,0
#DST_IMAGE,0,300,0,0,1280,720,0,12,255,255,255,1,0,0,0,0,0,0,0,0
,,,,,,,,,,,,,,,,,,,,
//SRC・E・E・E`,(NULL),gr,x,y,w,h,div_x,div_y,cycle,timer,op1,op2,op3,,,,,,,
#SRC_IMAGE,0,0,365,8,476,57,1,1,0,0,0,0,0,,,,,,,
//DST・E・E・E`,(NULL),time,x,y,w,h,acc,a,r,g,b,blend,filter,angle,center,loop,timer,op1,op2,op3
#DST_IMAGE,0,0,450,-100,357,43,2,255,255,255,255,1,0,0,0,800,0,0,0,0
#DST_IMAGE,0,800,450,100,357,43,2,255,255,255,255,1,0,0,0,0,0,0,0,0
,,,,,,,,,,,,,,,,,,,,
//TITLE,,,,,,,,,,,,,,,,,,,,
//SRC,(NULL),font,st,align,edit,,,,,,,,,,,,,,,
#SRC_TEXT,0,0,12,1,0,,,,,,,,,,,,,,,
//DST,(NULL),time,x,y,w,size,acc,a,r,g,b,blend,filter,(NULL),(NULL),loop,timer,(NULL),(NULL),(NULL)
#DST_TEXT,0,0,640,280,500,52,0,0,0,0,0,1,1,0,0,400,0,0,0,0
#DST_TEXT,0,400,640,280,500,52,0,255,255,255,255,1,1,0,0,,,,,
//ARTIST,,,,,,,,,,,,,,,,,,,,
//SRC,(NULL),font,st,align,edit,,,,,,,,,,,,,,,
#SRC_TEXT,0,0,14,1,0,,,,,,,,,,,,,,,
//DST,(NULL),time,x,y,w,size,acc,a,r,g,b,blend,filter,(NULL),(NULL),loop,timer,(NULL),(NULL),(NULL)
#DST_TEXT,0,0,640,318,500,40,0,0,0,0,0,1,1,0,0,400,0,0,0,0
#DST_TEXT,0,400,640,318,500,40,0,255,255,255,255,1,1,0,0,,,,,
//DIFF FLAG,,,,,,,,,,,,,,,,,,,,
//SRC・EEEEEEEEEEEEEEEEEEEEEEEEEEEEEEEEEEEEEEEEEEEEEEEEE・EEEEEEEEEEEEEEEEEEEEEEEEEEEEEEEEEEEEEEEEEEEEEEEEE・EEEEEEEEEEEEEEEEEEEEEEEEEEEEEEEEEEEEEEEEEEEEEEEEE`,(NULL),gr,x,y,w,h,div_x,div_y,cycle,timer,op1,op2,op3,,,,,,,
#SRC_IMAGE,0,0,3,272,341,45,1,1,0,0,0,0,0,,,,,,,
//DST・EEEEEEEEEEEEEEEEEEEEEEEEEEEEEEEEEEEEEEEEEEEEEEEEE・EEEEEEEEEEEEEEEEEEEEEEEEEEEEEEEEEEEEEEEEEEEEEEEEE・EEEEEEEEEEEEEEEEEEEEEEEEEEEEEEEEEEEEEEEEEEEEEEEEE`,(NULL),time,x,y,w,h,acc,a,r,g,b,blend,filter,angle,center,loop,timer,op1,op2,op3
#DST_IMAGE,0,0,600,354,85,11,0,0,255,255,255,1,0,0,0,400,0,155,0,0
#DST_IMAGE,0,400,600,354,85,11,0,255,255,255,255,1,0,0,0,,,,,
//SRC・EEEEEEEEEEEEEEEEEEEEEEEEEEEEEEEEEEEEEEEEEEEEEEEEE・EEEEEEEEEEEEEEEEEEEEEEEEEEEEEEEEEEEEEEEEEEEEEEEEE・EEEEEEEEEEEEEEEEEEEEEEEEEEEEEEEEEEEEEEEEEEEEEEEEE`,(NULL),gr,x,y,w,h,div_x,div_y,cycle,timer,op1,op2,op3,,,,,,,
#SRC_IMAGE,0,0,3,221,341,45,1,1,0,0,0,0,0,,,,,,,
//DST・EEEEEEEEEEEEEEEEEEEEEEEEEEEEEEEEEEEEEEEEEEEEEEEEE・EEEEEEEEEEEEEEEEEEEEEEEEEEEEEEEEEEEEEEEEEEEEEEEEE・EEEEEEEEEEEEEEEEEEEEEEEEEEEEEEEEEEEEEEEEEEEEEEEEE`,(NULL),time,x,y,w,h,acc,a,r,g,b,blend,filter,angle,center,loop,timer,op1,op2,op3
#DST_IMAGE,0,0,600,354,85,11,0,0,255,255,255,1,0,0,0,400,0,154,0,0
#DST_IMAGE,0,400,600,354,85,11,0,255,255,255,255,1,0,0,0,,,,,
//SRC・EEEEEEEEEEEEEEEEEEEEEEEEEEEEEEEEEEEEEEEEEEEEEEEEE・EEEEEEEEEEEEEEEEEEEEEEEEEEEEEEEEEEEEEEEEEEEEEEEEE・EEEEEEEEEEEEEEEEEEEEEEEEEEEEEEEEEEEEEEEEEEEEEEEEE`,(NULL),gr,x,y,w,h,div_x,div_y,cycle,timer,op1,op2,op3,,,,,,,
#SRC_IMAGE,0,0,3,170,341,45,1,1,0,0,0,0,0,,,,,,,
//DST・EEEEEEEEEEEEEEEEEEEEEEEEEEEEEEEEEEEEEEEEEEEEEEEEE・EEEEEEEEEEEEEEEEEEEEEEEEEEEEEEEEEEEEEEEEEEEEEEEEE・EEEEEEEEEEEEEEEEEEEEEEEEEEEEEEEEEEEEEEEEEEEEEEEEE`,(NULL),time,x,y,w,h,acc,a,r,g,b,blend,filter,angle,center,loop,timer,op1,op2,op3
#DST_IMAGE,0,0,600,354,85,11,0,0,255,255,255,1,0,0,0,400,0,153,0,0
#DST_IMAGE,0,400,600,354,85,11,0,255,255,255,255,1,0,0,0,,,,,
//SRC・EEEEEEEEEEEEEEEEEEEEEEEEEEEEEEEEEEEEEEEEEEEEEEEEE・EEEEEEEEEEEEEEEEEEEEEEEEEEEEEEEEEEEEEEEEEEEEEEEEE・EEEEEEEEEEEEEEEEEEEEEEEEEEEEEEEEEEEEEEEEEEEEEEEEE`,(NULL),gr,x,y,w,h,div_x,div_y,cycle,timer,op1,op2,op3,,,,,,,
#SRC_IMAGE,0,0,3,119,341,45,1,1,0,0,0,0,0,,,,,,,
//DST・EEEEEEEEEEEEEEEEEEEEEEEEEEEEEEEEEEEEEEEEEEEEEEEEE・EEEEEEEEEEEEEEEEEEEEEEEEEEEEEEEEEEEEEEEEEEEEEEEEE・EEEEEEEEEEEEEEEEEEEEEEEEEEEEEEEEEEEEEEEEEEEEEEEEE`,(NULL),time,x,y,w,h,acc,a,r,g,b,blend,filter,angle,center,loop,timer,op1,op2,op3
#DST_IMAGE,0,0,600,354,85,11,0,0,255,255,255,1,0,0,0,400,0,152,0,0
#DST_IMAGE,0,400,600,354,85,11,0,255,255,255,255,1,0,0,0,,,,,
//SRC・EEEEEEEEEEEEEEEEEEEEEEEEEEEEEEEEEEEEEEEEEEEEEEEEE・EEEEEEEEEEEEEEEEEEEEEEEEEEEEEEEEEEEEEEEEEEEEEEEEE・EEEEEEEEEEEEEEEEEEEEEEEEEEEEEEEEEEEEEEEEEEEEEEEEE`,(NULL),gr,x,y,w,h,div_x,div_y,cycle,timer,op1,op2,op3,,,,,,,
#SRC_IMAGE,0,0,3,65,341,45,1,1,0,0,0,0,0,,,,,,,
//DST・EEEEEEEEEEEEEEEEEEEEEEEEEEEEEEEEEEEEEEEEEEEEEEEEE・EEEEEEEEEEEEEEEEEEEEEEEEEEEEEEEEEEEEEEEEEEEEEEEEE・EEEEEEEEEEEEEEEEEEEEEEEEEEEEEEEEEEEEEEEEEEEEEEEEE`,(NULL),time,x,y,w,h,acc,a,r,g,b,blend,filter,angle,center,loop,timer,op1,op2,op3
#DST_IMAGE,0,0,600,354,85,11,0,0,255,255,255,1,0,0,0,400,0,151,0,0
#DST_IMAGE,0,400,600,354,85,11,0,255,255,255,255,1,0,0,0,,,,,
//SRC・EEEEEEEEEEEEEEEEEEEEEEEEEEEEEEEEEEEEEEEEEEEEEEEEE・EEEEEEEEEEEEEEEEEEEEEEEEEEEEEEEEEEEEEEEEEEEEEEEEE・EEEEEEEEEEEEEEEEEEEEEEEEEEEEEEEEEEEEEEEEEEEEEEEEE`,(NULL),gr,x,y,w,h,div_x,div_y,cycle,timer,op1,op2,op3,,,,,,,
#SRC_IMAGE,0,0,3,12,341,45,1,1,0,0,0,0,0,,,,,,,
//DST・EEEEEEEEEEEEEEEEEEEEEEEEEEEEEEEEEEEEEEEEEEEEEEEEE・EEEEEEEEEEEEEEEEEEEEEEEEEEEEEEEEEEEEEEEEEEEEEEEEE・EEEEEEEEEEEEEEEEEEEEEEEEEEEEEEEEEEEEEEEEEEEEEEEEE`,(NULL),time,x,y,w,h,acc,a,r,g,b,blend,filter,angle,center,loop,timer,op1,op2,op3
#DST_IMAGE,0,0,600,354,85,11,0,0,255,255,255,1,0,0,0,400,0,150,0,0
#DST_IMAGE,0,400,600,354,85,11,0,255,255,255,255,1,0,0,0,,,,,
,,,,,,,,,,,,,,,,,,,,
,,,,,,,,,,,,,,,,,,,,
//JUDGERANK,,,,,,,,,,,,,,,,,,,,
//label,,,,,,,,,,,,,,,,,,,,
//SRC・E・E・E`,(NULL),gr,x,y,w,h,div_x,div_y,cycle,timer,op1,op2,op3,,,,,,,
#SRC_IMAGE,0,0,916,6,208,35,1,1,0,0,0,0,0,,,,,,,
//DST・E・E・E`,(NULL),time,x,y,w,h,acc,a,r,g,b,blend,filter,angle,center,loop,timer,op1,op2,op3
#DST_IMAGE,0,0,0,720,104,17,2,255,255,255,255,1,0,0,0,800,0,0,0,0
#DST_IMAGE,0,800,0,460,104,17,2,255,255,255,255,1,0,0,0,0,0,0,0,0
,,,,,,,,,,,,,,,,,,,,
//easy,,,,,,,,,,,,,,,,,,,,
//SRC・E・E・E`,(NULL),gr,x,y,w,h,div_x,div_y,cycle,timer,op1,op2,op3,,,,,,,
#SRC_IMAGE,0,0,945,59,170,29,1,1,0,0,0,0,0,,,,,,,
//DST・E・E・E`,(NULL),time,x,y,w,h,acc,a,r,g,b,blend,filter,angle,center,loop,timer,op1,op2,op3
#DST_IMAGE,0,0,120,720,100,17,2,255,255,255,255,1,0,0,0,800,0,183,0,0
#DST_IMAGE,0,800,120,460,100,17,2,255,255,255,255,1,0,0,0,0,0,0,0,0
,,,,,,,,,,,,,,,,,,,,
//normal,,,,,,,,,,,,,,,,,,,,
//SRC・E・E・E`,(NULL),gr,x,y,w,h,div_x,div_y,cycle,timer,op1,op2,op3,,,,,,,
#SRC_IMAGE,0,0,945,95,170,29,1,1,0,0,0,0,0,,,,,,,
//DST・E・E・E`,(NULL),time,x,y,w,h,acc,a,r,g,b,blend,filter,angle,center,loop,timer,op1,op2,op3
#DST_IMAGE,0,0,120,720,100,17,2,255,255,255,255,1,0,0,0,800,0,182,0,0
#DST_IMAGE,0,800,120,460,100,17,2,255,255,255,255,1,0,0,0,0,0,0,0,0
,,,,,,,,,,,,,,,,,,,,
//hard,,,,,,,,,,,,,,,,,,,,
//SRC・E・E・E`,(NULL),gr,x,y,w,h,div_x,div_y,cycle,timer,op1,op2,op3,,,,,,,
#SRC_IMAGE,0,0,945,132,170,29,1,1,0,0,0,0,0,,,,,,,
//DST・E・E・E`,(NULL),time,x,y,w,h,acc,a,r,g,b,blend,filter,angle,center,loop,timer,op1,op2,op3
#DST_IMAGE,0,0,120,720,100,17,2,255,255,255,255,1,0,0,0,800,0,181,0,0
#DST_IMAGE,0,800,120,460,100,17,2,255,255,255,255,1,0,0,0,0,0,0,0,0
,,,,,,,,,,,,,,,,,,,,
//vhard,,,,,,,,,,,,,,,,,,,,
//SRC・E・E・E`,(NULL),gr,x,y,w,h,div_x,div_y,cycle,timer,op1,op2,op3,,,,,,,
#SRC_IMAGE,0,0,945,170,170,29,1,1,0,0,0,0,0,,,,,,,
//DST・E・E・E`,(NULL),time,x,y,w,h,acc,a,r,g,b,blend,filter,angle,center,loop,timer,op1,op2,op3
#DST_IMAGE,0,0,120,720,100,17,2,255,255,255,255,1,0,0,0,800,0,180,0,0
#DST_IMAGE,0,800,120,460,100,17,2,255,255,255,255,1,0,0,0,0,0,0,0,0
,,,,,,,,,,,,,,,,,,,,
//KEYCOUNT,,,,,,,,,,,,,,,,,,,,
//5keys,,,,,,,,,,,,,,,,,,,,
//SRC・E・E・E`,(NULL),gr,x,y,w,h,div_x,div_y,cycle,timer,op1,op2,op3,,,,,,,
#SRC_IMAGE,0,0,91,517,157,30,1,1,0,0,0,0,0,,,,,,,
//DST・E・E・E`,(NULL),time,x,y,w,h,acc,a,r,g,b,blend,filter,angle,center,loop,timer,op1,op2,op3
#DST_IMAGE,0,0,605,370,78,15,2,255,255,255,255,1,0,0,0,800,0,161,0,0
#DST_IMAGE,0,800,605,370,78,15,2,255,255,255,255,1,0,0,0,0,0,0,0,0
,,,,,,,,,,,,,,,,,,,,
//7keys,,,,,,,,,,,,,,,,,,,,
//SRC・E・E・E`,(NULL),gr,x,y,w,h,div_x,div_y,cycle,timer,op1,op2,op3,,,,,,,
#SRC_IMAGE,0,0,91,554,157,30,1,1,0,0,0,0,0,,,,,,,
//DST・E・E・E`,(NULL),time,x,y,w,h,acc,a,r,g,b,blend,filter,angle,center,loop,timer,op1,op2,op3
#DST_IMAGE,0,0,605,370,78,15,2,255,255,255,255,1,0,0,0,800,0,160,0,0
#DST_IMAGE,0,800,605,370,78,15,2,255,255,255,255,1,0,0,0,0,0,0,0,0
,,,,,,,,,,,,,,,,,,,,
//9keys,,,,,,,,,,,,,,,,,,,,
//SRC・E・E・E`,(NULL),gr,x,y,w,h,div_x,div_y,cycle,timer,op1,op2,op3,,,,,,,
#SRC_IMAGE,0,0,91,591,157,30,1,1,0,0,0,0,0,,,,,,,
//DST・E・E・E`,(NULL),time,x,y,w,h,acc,a,r,g,b,blend,filter,angle,center,loop,timer,op1,op2,op3
#DST_IMAGE,0,0,605,370,78,15,2,255,255,255,255,1,0,0,0,800,0,164,0,0
#DST_IMAGE,0,800,605,370,78,15,2,255,255,255,255,1,0,0,0,0,0,0,0,0
,,,,,,,,,,,,,,,,,,,,
//10keys,,,,,,,,,,,,,,,,,,,,
//SRC・E・E・E`,(NULL),gr,x,y,w,h,div_x,div_y,cycle,timer,op1,op2,op3,,,,,,,
#SRC_IMAGE,0,0,91,626,157,30,1,1,0,0,0,0,0,,,,,,,
//DST・E・E・E`,(NULL),time,x,y,w,h,acc,a,r,g,b,blend,filter,angle,center,loop,timer,op1,op2,op3
#DST_IMAGE,0,0,603,370,78,15,2,255,255,255,255,1,0,0,0,800,0,163,0,0
#DST_IMAGE,0,800,603,370,78,15,2,255,255,255,255,1,0,0,0,0,0,0,0,0
,,,,,,,,,,,,,,,,,,,,
//14keys,,,,,,,,,,,,,,,,,,,,
//SRC・E・E・E`,(NULL),gr,x,y,w,h,div_x,div_y,cycle,timer,op1,op2,op3,,,,,,,
#SRC_IMAGE,0,0,91,663,157,30,1,1,0,0,0,0,0,,,,,,,
//DST・E・E・E`,(NULL),time,x,y,w,h,acc,a,r,g,b,blend,filter,angle,center,loop,timer,op1,op2,op3
#DST_IMAGE,0,0,605,370,78,15,2,255,255,255,255,1,0,0,0,800,0,162,0,0
#DST_IMAGE,0,800,605,370,78,15,2,255,255,255,255,1,0,0,0,0,0,0,0,0
,,,,,,,,,,,,,,,,,,,,
//HSLABEL,,,,,,,,,,,,,,,,,,,,
//SRC・E・E・E`,(NULL),gr,x,y,w,h,div_x,div_y,cycle,timer,op1,op2,op3,,,,,,,
#SRC_IMAGE,0,0,935,218,180,30,1,1,0,0,0,0,0,,,,,,,
//DST・E・E・E`,(NULL),time,x,y,w,h,acc,a,r,g,b,blend,filter,angle,center,loop,timer,op1,op2,op3
#DST_IMAGE,0,0,225,720,90,15,2,255,255,255,255,1,0,0,0,800,0,0,0,0
#DST_IMAGE,0,800,225,461,90,15,2,255,255,255,255,1,0,0,0,0,0,0,0,0
,,,,,,,,,,,,,,,,,,,,
//HISPEED,,,,,,,,,,,,,,,,,,,,
//SRC・EEEEEEEEEEEEEEEEEEEEEEEEEEEEEEEEEEEEEEEEEEEEEEEEE・EEEEEEEEEEEEEEEEEEEEEEEEEEEEEEEEEEEEEEEEEEEEEEEEE・EEEEEEEEEEEEEEEEEEEEEEEEEEEEEEEEEEEEEEEEEEEEEEEEE`,(null),gr,x,y,w,h,div_x,div_y,cycle,timer,num,align,keta,,,,,,,
#SRC_NUMBER,0,0,928,479,258,27,10,1,0,0,10,0,3,,,,,,,
//DST・EEEEEEEEEEEEEEEEEEEEEEEEEEEEEEEEEEEEEEEEEEEEEEEEE・EEEEEEEEEEEEEEEEEEEEEEEEEEEEEEEEEEEEEEEEEEEEEEEEE・EEEEEEEEEEEEEEEEEEEEEEEEEEEEEEEEEEEEEEEEEEEEEEEEE`,(NULL),time,x,y,w,h,acc,a,r,g,b,blend,filter,angle,center,loop,timer,op1,op2,op3
#DST_NUMBER,0,0,318,720,14,15,2,255,255,106,0,1,0,0,0,800,0,0,0,0
#DST_NUMBER,0,800,318,461,14,15,2,255,255,106,0,1,0,0,0,,,,,
,,,,,,,,,,,,,,,,,,,,
///////OPTION,,,,,,,,,,,,,,,,,,,,
//button40 GAUGE 1P(GROOVE/SURVIVAL/DEATH/EASY/P_ATTACK/G_ATTACK),,,,,,,,,,,,,,,,,,,,
//SRC・EEEEEEEEEEEEEEEEEEEEEEEEEEEEEEEEEEEEEEEEEEEEEEEEE・EEEEEEEEEEEEEEEEEEEEEEEEEEEEEEEEEEEEEEEEEEEEEEEEE・EEEEEEEEEEEEEEEEEEEEEEEEEEEEEEEEEEEEEEEEEEEEEEEEE`,index,gr,x,y,w,h,div_x,div_y,cycle,timer,type,click,panel,plusonly,,,,,,
#SRC_BUTTON,0,0,380,96,178,281,1,8,0,0,40,0,0,0,,,,,,
//DST・EEEEEEEEEEEEEEEEEEEEEEEEEEEEEEEEEEEEEEEEEEEEEEEEE・EEEEEEEEEEEEEEEEEEEEEEEEEEEEEEEEEEEEEEEEEEEEEEEEE・EEEEEEEEEEEEEEEEEEEEEEEEEEEEEEEEEEEEEEEEEEEEEEEEE`,(NULL),time,x,y,w,h,acc,a,r,g,b,blend,filter,angle,center,loop,timer,op1,op2,op3
#DST_BUTTON,0,0,370,720,90,17,2,255,255,255,255,1,0,0,0,800,0,0,0,0
#DST_BUTTON,0,800,370,458,90,17,2,255,255,255,255,1,0,0,0,0,0,0,0,0
//button42 RANDOM 1P(OFF/MIRROR/RANDOM/S-RANDOM/SCATTER),,,,,,,,,,,,,,,,,,,,
//SRC・EEEEEEEEEEEEEEEEEEEEEEEEEEEEEEEEEEEEEEEEEEEEEEEEE・EEEEEEEEEEEEEEEEEEEEEEEEEEEEEEEEEEEEEEEEEEEEEEEEE・EEEEEEEEEEEEEEEEEEEEEEEEEEEEEEEEEEEEEEEEEEEEEEEEE`,index,gr,x,y,w,h,div_x,div_y,cycle,timer,type,click,panel,plusonly,,,,,,
#SRC_BUTTON,0,0,596,96,213,316,1,9,0,0,42,0,0,0,,,,,,
//DST・EEEEEEEEEEEEEEEEEEEEEEEEEEEEEEEEEEEEEEEEEEEEEEEEE・EEEEEEEEEEEEEEEEEEEEEEEEEEEEEEEEEEEEEEEEEEEEEEEEE・EEEEEEEEEEEEEEEEEEEEEEEEEEEEEEEEEEEEEEEEEEEEEEEEE`,(NULL),time,x,y,w,h,acc,a,r,g,b,blend,filter,angle,center,loop,timer,op1,op2,op3
#DST_BUTTON,0,0,480,720,105,17,2,255,255,255,255,1,0,0,0,800,0,0,0,0
#DST_BUTTON,0,800,480,460,105,17,2,255,255,255,255,1,0,0,0,0,0,0,0,0
//button44 AUTO SCR 1P,,,,,,,,,,,,,,,,,,,,
//SRC・EEEEEEEEEEEEEEEEEEEEEEEEEEEEEEEEEEEEEEEEEEEEEEEEE・EEEEEEEEEEEEEEEEEEEEEEEEEEEEEEEEEEEEEEEEEEEEEEEEE・EEEEEEEEEEEEEEEEEEEEEEEEEEEEEEEEEEEEEEEEEEEEEEEEE`,index,gr,x,y,w,h,div_x,div_y,cycle,timer,type,click,panel,plusonly,,,,,,
#SRC_BUTTON,0,0,919,354,208,58,1,2,0,0,44,0,0,0,,,,,,
//DST・EEEEEEEEEEEEEEEEEEEEEEEEEEEEEEEEEEEEEEEEEEEEEEEEE・EEEEEEEEEEEEEEEEEEEEEEEEEEEEEEEEEEEEEEEEEEEEEEEEE・EEEEEEEEEEEEEEEEEEEEEEEEEEEEEEEEEEEEEEEEEEEEEEEEE`,(NULL),time,x,y,w,h,acc,a,r,g,b,blend,filter,angle,center,loop,timer,op1,op2,op3
#DST_BUTTON,0,0,600,720,120,17,2,255,255,255,255,1,0,0,0,800,0,0,0,0
#DST_BUTTON,0,800,600,460,120,17,2,255,255,255,255,1,0,0,0,0,0,0,0,0
//button55 HSFIX,,,,,,,,,,,,,,,,,,,,
//SRC・EEEEEEEEEEEEEEEEEEEEEEEEEEEEEEEEEEEEEEEEEEEEEEEEE・EEEEEEEEEEEEEEEEEEEEEEEEEEEEEEEEEEEEEEEEEEEEEEEEE・EEEEEEEEEEEEEEEEEEEEEEEEEEEEEEEEEEEEEEEEEEEEEEEEE`,index,gr,x,y,w,h,div_x,div_y,cycle,timer,type,click,panel,plusonly,,,,,,
#SRC_BUTTON,0,0,309,481,227,249,1,7,0,0,55,0,0,0,,,,,,
//DST・EEEEEEEEEEEEEEEEEEEEEEEEEEEEEEEEEEEEEEEEEEEEEEEEE・EEEEEEEEEEEEEEEEEEEEEEEEEEEEEEEEEEEEEEEEEEEEEEEEE・EEEEEEEEEEEEEEEEEEEEEEEEEEEEEEEEEEEEEEEEEEEEEEEEE`,(NULL),time,x,y,w,h,acc,a,r,g,b,blend,filter,angle,center,loop,timer,op1,op2,op3
#DST_BUTTON,0,0,235,700,120,17,2,255,255,255,255,1,0,0,0,800,0,0,0,0
#DST_BUTTON,0,800,235,438,120,17,2,255,255,255,255,1,0,0,0,0,0,0,0,0
,,,,,,,,,,,,,,,,,,,,
//LANE COVER ON,,,,,,,,,,,,,,,,,,,,
//SRC・E・E・E`,(NULL),gr,x,y,w,h,div_x,div_y,cycle,timer,op1,op2,op3,,,,,,,
#SRC_IMAGE,0,0,888,525,321,39,1,1,0,0,0,0,0,,,,,,,
//DST・E・E・E`,(NULL),time,x,y,w,h,acc,a,r,g,b,blend,filter,angle,center,loop,timer,op1,op2,op3
#DST_IMAGE,0,0,750,720,145,20,2,255,255,255,255,1,0,0,0,800,0,274,0,0
#DST_IMAGE,0,800,750,461,145,20,2,255,255,255,255,1,0,0,0,0,0,0,0,0
//AT,,,,,,,,,,,,,,,,,,,,
//SRC・E・E・E`,(NULL),gr,x,y,w,h,div_x,div_y,cycle,timer,op1,op2,op3,,,,,,,
#SRC_IMAGE,0,0,945,264,31,30,1,1,0,0,0,0,0,,,,,,,
//DST・E・E・E`,(NULL),time,x,y,w,h,acc,a,r,g,b,blend,filter,angle,center,loop,timer,op1,op2,op3
#DST_IMAGE,0,0,740,697,20,20,2,255,255,255,255,1,0,0,0,800,0,274,0,0
#DST_IMAGE,0,800,740,438,20,20,2,255,255,255,255,1,0,0,0,0,0,0,0,0
//SUDDEN+ NUM,,,,,,,,,,,,,,,,,,,,
//SRC・EEEEEEEEEEEEEEEEEEEEEEEEEEEEEEEEEEEEEEEEEEEEEEEEE・EEEEEEEEEEEEEEEEEEEEEEEEEEEEEEEEEEEEEEEEEEEEEEEEE・EEEEEEEEEEEEEEEEEEEEEEEEEEEEEEEEEEEEEEEEEEEEEEEEE`,(null),gr,x,y,w,h,div_x,div_y,cycle,timer,num,align,keta,,,,,,,
#SRC_NUMBER,0,0,928,479,258,27,10,1,0,0,14,1,3,,,,,,,
//DST・EEEEEEEEEEEEEEEEEEEEEEEEEEEEEEEEEEEEEEEEEEEEEEEEE・EEEEEEEEEEEEEEEEEEEEEEEEEEEEEEEEEEEEEEEEEEEEEEEEE・EEEEEEEEEEEEEEEEEEEEEEEEEEEEEEEEEEEEEEEEEEEEEEEEE`,(NULL),time,x,y,w,h,acc,a,r,g,b,blend,filter,angle,center,loop,timer,op1,op2,op3
#DST_NUMBER,0,0,765,700,14,15,2,255,255,255,255,1,0,0,0,800,0,274,0,0
#DST_NUMBER,0,800,765,440,14,15,2,255,255,255,255,1,0,0,0,,,,,
//PERCENT,,,,,,,,,,,,,,,,,,,,
//SRC・E・E・E`,(NULL),gr,x,y,w,h,div_x,div_y,cycle,timer,op1,op2,op3,,,,,,,
#SRC_IMAGE,0,0,892,580,30,30,1,1,0,0,0,0,0,,,,,,,
//DST・E・E・E`,(NULL),time,x,y,w,h,acc,a,r,g,b,blend,filter,angle,center,loop,timer,op1,op2,op3
#DST_IMAGE,0,0,810,699,16,16,2,255,255,255,255,1,0,0,0,800,0,274,0,0
#DST_IMAGE,0,800,810,439,16,16,2,255,255,255,255,1,0,0,0,0,0,0,0,0
//HEIGHT,,,,,,,,,,,,,,,,,,,,
//SRC・E・E・E`,(NULL),gr,x,y,w,h,div_x,div_y,cycle,timer,op1,op2,op3,,,,,,,
#SRC_IMAGE,0,0,977,580,147,29,1,1,0,0,0,0,0,,,,,,,
//DST・E・E・E`,(NULL),time,x,y,w,h,acc,a,r,g,b,blend,filter,angle,center,loop,timer,op1,op2,op3
#DST_IMAGE,0,0,835,700,76,16,2,255,255,255,255,1,0,0,0,800,0,274,0,0
#DST_IMAGE,0,800,835,440,76,16,2,255,255,255,255,1,0,0,0,0,0,0,0,0
,,,,,,,,,,,,,,,,,,,,
//button50 HID/SUD,,,,,,,,,,,,,,,,,,,,
//SRC・EEEEEEEEEEEEEEEEEEEEEEEEEEEEEEEEEEEEEEEEEEEEEEEEE・EEEEEEEEEEEEEEEEEEEEEEEEEEEEEEEEEEEEEEEEEEEEEEEEE・EEEEEEEEEEEEEEEEEEEEEEEEEEEEEEEEEEEEEEEEEEEEEEEEE`,index,gr,x,y,w,h,div_x,div_y,cycle,timer,type,click,panel,plusonly,,,,,,
#SRC_BUTTON,0,0,603,482,196,212,1,6,0,0,50,0,0,0,,,,,,
//DST・EEEEEEEEEEEEEEEEEEEEEEEEEEEEEEEEEEEEEEEEEEEEEEEEE・EEEEEEEEEEEEEEEEEEEEEEEEEEEEEEEEEEEEEEEEEEEEEEEEE・EEEEEEEEEEEEEEEEEEEEEEEEEEEEEEEEEEEEEEEEEEEEEEEEE`,(NULL),time,x,y,w,h,acc,a,r,g,b,blend,filter,angle,center,loop,timer,op1,op2,op3
#DST_BUTTON,0,0,920,720,105,17,2,255,255,255,255,1,0,0,0,800,0,0,0,0
#DST_BUTTON,0,800,920,460,105,17,2,255,255,255,255,1,0,0,0,0,0,0,0,0
,,,,,,,,,,,,,,,,,,,,
//button56 BATTLE,,,,,,,,,,,,,,,,,,,,
//SRC・EEEEEEEEEEEEEEEEEEEEEEEEEEEEEEEEEEEEEEEEEEEEEEEEE・EEEEEEEEEEEEEEEEEEEEEEEEEEEEEEEEEEEEEEEEEEEEEEEEE・EEEEEEEEEEEEEEEEEEEEEEEEEEEEEEEEEEEEEEEEEEEEEEEEE`,index,gr,x,y,w,h,div_x,div_y,cycle,timer,type,click,panel,plusonly,,,,,,
#SRC_BUTTON,0,0,1330,483,309,103,1,3,0,0,56,0,0,0,,,,,,
//DST・EEEEEEEEEEEEEEEEEEEEEEEEEEEEEEEEEEEEEEEEEEEEEEEEE・EEEEEEEEEEEEEEEEEEEEEEEEEEEEEEEEEEEEEEEEEEEEEEEEE・EEEEEEEEEEEEEEEEEEEEEEEEEEEEEEEEEEEEEEEEEEEEEEEEE`,(NULL),time,x,y,w,h,acc,a,r,g,b,blend,filter,angle,center,loop,timer,op1,op2,op3
#DST_BUTTON,0,0,1020,720,170,17,2,255,255,255,255,1,0,0,0,800,0,0,0,0
#DST_BUTTON,0,800,1020,459,170,17,2,255,255,255,255,1,0,0,0,0,0,0,0,0
,,,,,,,,,,,,,,,,,,,,
//BACKGROUND,,,,,,,,,,,,,,,,,,,,
//SRC・E・E・E`,(NULL),gr,x,y,w,h,div_x,div_y,cycle,timer,op1,op2,op3,,,,,,,
#SRC_IMAGE,0,110,0,0,-1,-1,1,1,0,0,0,0,0,,,,,,,
//DST・E・E・E`,(NULL),time,x,y,w,h,acc,a,r,g,b,blend,filter,angle,center,loop,timer,op1,op2,op3
#DST_IMAGE,0,0,0,740,1280,240,2,0,255,255,255,1,0,0,0,800,0,0,32,0
#DST_IMAGE,0,800,0,480,1280,240,2,128,255,255,255,1,0,0,0,0,0,0,0,0
,,,,,,,,,,,,,,,,,,,,
//FIRSTPLAY,,,,,,,,,,,,,,,,,,,,
//SRC・E・E・E`,(NULL),gr,x,y,w,h,div_x,div_y,cycle,timer,op1,op2,op3,,,,,,,
#SRC_IMAGE,0,0,872,785,504,75,1,1,0,0,0,0,0,,,,,,,
//DST・E・E・E`,(NULL),time,x,y,w,h,acc,a,r,g,b,blend,filter,angle,center,loop,timer,op1,op2,op3
#DST_IMAGE,0,0,360,820,504,75,2,255,255,255,255,1,0,0,0,800,0,100,32,0
#DST_IMAGE,0,800,360,560,504,75,2,255,255,255,255,1,0,0,0,0,0,0,0,0
//SCORETOBEAT,,,,,,,,,,,,,,,,,,,,
//SRC・E・E・E`,(NULL),gr,x,y,w,h,div_x,div_y,cycle,timer,op1,op2,op3,,,,,,,
#SRC_IMAGE,0,0,1361,75,255,29,1,1,0,0,0,0,0,,,,,,,
//DST・E・E・E`,(NULL),time,x,y,w,h,acc,a,r,g,b,blend,filter,angle,center,loop,timer,op1,op2,op3
#DST_IMAGE,0,0,10,750,255,29,2,128,255,255,255,1,0,0,0,800,0,-100,32,0
#DST_IMAGE,0,800,10,490,255,29,2,128,255,255,255,1,0,0,0,0,0,0,0,0
,,,,,,,,,,,,,,,,,,,,
//RANK,,,,,,,,,,,,,,,,,,,,
//SRC・E・E・E`,(NULL),gr,x,y,w,h,div_x,div_y,cycle,timer,op1,op2,op3,,,,,,,
#SRC_IMAGE,0,0,1410,14,165,43,1,1,0,0,0,0,0,,,,,,,
//DST・E・E・E`,(NULL),time,x,y,w,h,acc,a,r,g,b,blend,filter,angle,center,loop,timer,op1,op2,op3
#DST_IMAGE,0,0,90,790,82,21,2,255,255,255,255,1,0,0,0,800,0,-100,32,0
#DST_IMAGE,0,800,90,530,82,21,2,255,255,255,255,1,0,0,0,0,0,0,0,0
,,,,,,,,,,,,,,,,,,,,
//AAA,,,,,,,,,,,,,,,,,,,,
//SRC・E・E・E`,(NULL),gr,x,y,w,h,div_x,div_y,cycle,timer,op1,op2,op3,,,,,,,
#SRC_IMAGE,0,0,1713,7,203,67,1,1,0,0,0,0,0,,,,,,,
//DST・E・E・E`,(NULL),time,x,y,w,h,acc,a,r,g,b,blend,filter,angle,center,loop,timer,op1,op2,op3
#DST_IMAGE,0,0,30,840,202,67,2,255,255,255,255,1,0,0,0,800,0,110,32,0
#DST_IMAGE,0,800,30,580,202,67,2,255,255,255,255,1,0,0,0,0,0,0,0,0
,,,,,,,,,,,,,,,,,,,,
//AA,,,,,,,,,,,,,,,,,,,,
//SRC・E・E・E`,(NULL),gr,x,y,w,h,div_x,div_y,cycle,timer,op1,op2,op3,,,,,,,
#SRC_IMAGE,0,0,1713,94,132,67,1,1,0,0,0,0,0,,,,,,,
//DST・E・E・E`,(NULL),time,x,y,w,h,acc,a,r,g,b,blend,filter,angle,center,loop,timer,op1,op2,op3
#DST_IMAGE,0,0,65,840,132,67,2,255,255,255,255,1,0,0,0,800,0,111,32,0
#DST_IMAGE,0,800,65,580,132,67,2,255,255,255,255,1,0,0,0,0,0,0,0,0
,,,,,,,,,,,,,,,,,,,,
//A,,,,,,,,,,,,,,,,,,,,
//SRC・E・E・E`,(NULL),gr,x,y,w,h,div_x,div_y,cycle,timer,op1,op2,op3,,,,,,,
#SRC_IMAGE,0,0,1856,94,62,67,1,1,0,0,0,0,0,,,,,,,
//DST・E・E・E`,(NULL),time,x,y,w,h,acc,a,r,g,b,blend,filter,angle,center,loop,timer,op1,op2,op3
#DST_IMAGE,0,0,100,840,62,67,2,255,255,255,255,1,0,0,0,800,0,112,32,0
#DST_IMAGE,0,800,100,580,62,67,2,255,255,255,255,1,0,0,0,0,0,0,0,0
,,,,,,,,,,,,,,,,,,,,
//B,,,,,,,,,,,,,,,,,,,,
//SRC・E・E・E`,(NULL),gr,x,y,w,h,div_x,div_y,cycle,timer,op1,op2,op3,,,,,,,
#SRC_IMAGE,0,0,1712,177,62,67,1,1,0,0,0,0,0,,,,,,,
//DST・E・E・E`,(NULL),time,x,y,w,h,acc,a,r,g,b,blend,filter,angle,center,loop,timer,op1,op2,op3
#DST_IMAGE,0,0,100,840,62,67,2,255,255,255,255,1,0,0,0,800,0,113,32,0
#DST_IMAGE,0,800,100,580,62,67,2,255,255,255,255,1,0,0,0,0,0,0,0,0
,,,,,,,,,,,,,,,,,,,,
//C,,,,,,,,,,,,,,,,,,,,
//SRC・E・E・E`,(NULL),gr,x,y,w,h,div_x,div_y,cycle,timer,op1,op2,op3,,,,,,,
#SRC_IMAGE,0,0,1783,177,62,67,1,1,0,0,0,0,0,,,,,,,
//DST・E・E・E`,(NULL),time,x,y,w,h,acc,a,r,g,b,blend,filter,angle,center,loop,timer,op1,op2,op3
#DST_IMAGE,0,0,100,840,62,67,2,255,255,255,255,1,0,0,0,800,0,114,32,0
#DST_IMAGE,0,800,100,580,62,67,2,255,255,255,255,1,0,0,0,0,0,0,0,0
,,,,,,,,,,,,,,,,,,,,
//D,,,,,,,,,,,,,,,,,,,,
//SRC・E・E・E`,(NULL),gr,x,y,w,h,div_x,div_y,cycle,timer,op1,op2,op3,,,,,,,
#SRC_IMAGE,0,0,1856,177,62,67,1,1,0,0,0,0,0,,,,,,,
//DST・E・E・E`,(NULL),time,x,y,w,h,acc,a,r,g,b,blend,filter,angle,center,loop,timer,op1,op2,op3
#DST_IMAGE,0,0,100,840,62,67,2,255,255,255,255,1,0,0,0,800,0,115,32,0
#DST_IMAGE,0,800,100,580,62,67,2,255,255,255,255,1,0,0,0,0,0,0,0,0
,,,,,,,,,,,,,,,,,,,,
//E,,,,,,,,,,,,,,,,,,,,
//SRC・E・E・E`,(NULL),gr,x,y,w,h,div_x,div_y,cycle,timer,op1,op2,op3,,,,,,,
#SRC_IMAGE,0,0,1712,270,62,67,1,1,0,0,0,0,0,,,,,,,
//DST・E・E・E`,(NULL),time,x,y,w,h,acc,a,r,g,b,blend,filter,angle,center,loop,timer,op1,op2,op3
#DST_IMAGE,0,0,100,840,62,67,2,255,255,255,255,1,0,0,0,800,0,116,32,0
#DST_IMAGE,0,800,100,580,62,67,2,255,255,255,255,1,0,0,0,0,0,0,0,0
,,,,,,,,,,,,,,,,,,,,
//F,,,,,,,,,,,,,,,,,,,,
//SRC・E・E・E`,(NULL),gr,x,y,w,h,div_x,div_y,cycle,timer,op1,op2,op3,,,,,,,
#SRC_IMAGE,0,0,1783,270,62,67,1,1,0,0,0,0,0,,,,,,,
//DST・E・E・E`,(NULL),time,x,y,w,h,acc,a,r,g,b,blend,filter,angle,center,loop,timer,op1,op2,op3
#DST_IMAGE,0,0,100,840,62,67,2,255,255,255,255,1,0,0,0,800,0,117,32,0
#DST_IMAGE,0,800,100,580,62,67,2,255,255,255,255,1,0,0,0,0,0,0,0,0
,,,,,,,,,,,,,,,,,,,,
//SCORE,,,,,,,,,,,,,,,,,,,,
//SRC・E・E・E`,(NULL),gr,x,y,w,h,div_x,div_y,cycle,timer,op1,op2,op3,,,,,,,
#SRC_IMAGE,0,0,1388,126,202,43,1,1,0,0,0,0,0,,,,,,,
//DST・E・E・E`,(NULL),time,x,y,w,h,acc,a,r,g,b,blend,filter,angle,center,loop,timer,op1,op2,op3
#DST_IMAGE,0,0,300,790,101,21,2,255,255,255,255,1,0,0,0,800,0,-100,32,0
#DST_IMAGE,0,800,300,530,101,21,2,255,255,255,255,1,0,0,0,0,0,0,0,0
,,,,,,,,,,,,,,,,,,,,
//scor,,,,,,,,,,,,,,,,,,,,
//SRC・EEEEEEEEEEEEEEEEEEEEEEEEEEEEEEEEEEEEEEEEEEEEEEEEE・EEEEEEEEEEEEEEEEEEEEEEEEEEEEEEEEEEEEEEEEEEEEEEEEE・EEEEEEEEEEEEEEEEEEEEEEEEEEEEEEEEEEEEEEEEEEEEEEEEE`,(null),gr,x,y,w,h,div_x,div_y,cycle,timer,num,align,keta,,,,,,,
#SRC_NUMBER,0,0,928,479,258,27,10,1,0,0,71,1,6,,,,,,,
//DST・EEEEEEEEEEEEEEEEEEEEEEEEEEEEEEEEEEEEEEEEEEEEEEEEE・EEEEEEEEEEEEEEEEEEEEEEEEEEEEEEEEEEEEEEEEEEEEEEEEE・EEEEEEEEEEEEEEEEEEEEEEEEEEEEEEEEEEEEEEEEEEEEEEEEE`,(NULL),time,x,y,w,h,acc,a,r,g,b,blend,filter,angle,center,loop,timer,op1,op2,op3
#DST_NUMBER,0,0,300,820,31,34,2,255,0,255,255,1,0,0,0,800,0,-100,32,0
#DST_NUMBER,0,800,300,560,31,34,2,255,0,255,255,1,0,0,0,,,,,
,,,,,,,,,,,,,,,,,,,,
//scor,,,,,,,,,,,,,,,,,,,,
//SRC・EEEEEEEEEEEEEEEEEEEEEEEEEEEEEEEEEEEEEEEEEEEEEEEEE・EEEEEEEEEEEEEEEEEEEEEEEEEEEEEEEEEEEEEEEEEEEEEEEEE・EEEEEEEEEEEEEEEEEEEEEEEEEEEEEEEEEEEEEEEEEEEEEEEEE`,(null),gr,x,y,w,h,div_x,div_y,cycle,timer,num,align,keta,,,,,,,
#SRC_NUMBER,0,0,928,479,258,27,10,1,0,0,70,1,6,,,,,,,
//DST・EEEEEEEEEEEEEEEEEEEEEEEEEEEEEEEEEEEEEEEEEEEEEEEEE・EEEEEEEEEEEEEEEEEEEEEEEEEEEEEEEEEEEEEEEEEEEEEEEEE・EEEEEEEEEEEEEEEEEEEEEEEEEEEEEEEEEEEEEEEEEEEEEEEEE`,(NULL),time,x,y,w,h,acc,a,r,g,b,blend,filter,angle,center,loop,timer,op1,op2,op3
#DST_NUMBER,0,0,300,860,18,20,2,255,0,255,0,1,0,0,0,800,0,-100,32,0
#DST_NUMBER,0,800,300,600,18,20,2,255,0,255,0,1,0,0,0,,,,,
,,,,,,,,,,,,,,,,,,,,
//RATE,,,,,,,,,,,,,,,,,,,,
//SRC・E・E・E`,(NULL),gr,x,y,w,h,div_x,div_y,cycle,timer,op1,op2,op3,,,,,,,
#SRC_IMAGE,0,0,1403,375,161,43,1,1,0,0,0,0,0,,,,,,,
//DST・E・E・E`,(NULL),time,x,y,w,h,acc,a,r,g,b,blend,filter,angle,center,loop,timer,op1,op2,op3
#DST_IMAGE,0,0,520,790,80,21,2,255,255,255,255,1,0,0,0,800,0,-100,32,0
#DST_IMAGE,0,800,520,530,80,21,2,255,255,255,255,1,0,0,0,0,0,0,0,0
,,,,,,,,,,,,,,,,,,,,
//the implementation works half the time in LV. Idk in LR2 because LR2 keeps crashing every time run it,,,,,,,,,,,,,,,,,,,,
// you have to play a new chart at least twice for the number to show up correctly,,,,,,,,,,,,,,,,,,,,
//rate,,,,,,,,,,,,,,,,,,,,
//SRC・EEEEEEEEEEEEEEEEEEEEEEEEEEEEEEEEEEEEEEEEEEEEEEEEE・EEEEEEEEEEEEEEEEEEEEEEEEEEEEEEEEEEEEEEEEEEEEEEEEE・EEEEEEEEEEEEEEEEEEEEEEEEEEEEEEEEEEEEEEEEEEEEEEEEE`,(null),gr,x,y,w,h,div_x,div_y,cycle,timer,num,align,keta,,,,,,,
#SRC_NUMBER,0,0,928,479,258,27,10,1,0,0,73,0,3,,,,,,,
//DST・EEEEEEEEEEEEEEEEEEEEEEEEEEEEEEEEEEEEEEEEEEEEEEEEE・EEEEEEEEEEEEEEEEEEEEEEEEEEEEEEEEEEEEEEEEEEEEEEEEE・EEEEEEEEEEEEEEEEEEEEEEEEEEEEEEEEEEEEEEEEEEEEEEEEE`,(NULL),time,x,y,w,h,acc,a,r,g,b,blend,filter,angle,center,loop,timer,op1,op2,op3
#DST_NUMBER,0,0,520,820,31,34,2,255,237,198,255,1,0,0,0,800,0,-100,32,0
#DST_NUMBER,0,800,520,560,31,34,2,255,237,198,255,1,0,0,0,,,,,
,,,,,,,,,,,,,,,,,,,,
//DOT,,,,,,,,,,,,,,,,,,,,
//SRC・E・E・E`,(NULL),gr,x,y,w,h,div_x,div_y,cycle,timer,op1,op2,op3,,,,,,,
#SRC_IMAGE,0,0,1632,407,12,12,1,1,0,0,0,0,0,,,,,,,
//DST・E・E・E`,(NULL),time,x,y,w,h,acc,a,r,g,b,blend,filter,angle,center,loop,timer,op1,op2,op3
#DST_IMAGE,0,0,615,841,12,12,2,255,237,198,255,1,0,0,0,800,0,-100,32,0
#DST_IMAGE,0,800,615,581,12,12,2,255,237,198,255,1,0,0,0,0,0,0,0,0
,,,,,,,,,,,,,,,,,,,,
//rate quotient,,,,,,,,,,,,,,,,,,,,
//SRC・EEEEEEEEEEEEEEEEEEEEEEEEEEEEEEEEEEEEEEEEEEEEEEEEE・EEEEEEEEEEEEEEEEEEEEEEEEEEEEEEEEEEEEEEEEEEEEEEEEE・EEEEEEEEEEEEEEEEEEEEEEEEEEEEEEEEEEEEEEEEEEEEEEEEE`,(null),gr,x,y,w,h,div_x,div_y,cycle,timer,num,align,keta,,,,,,,
#SRC_NUMBER,0,1,0,1539,279,27,11,1,0,0,156,0,2,,,,,,,
//DST・EEEEEEEEEEEEEEEEEEEEEEEEEEEEEEEEEEEEEEEEEEEEEEEEE・EEEEEEEEEEEEEEEEEEEEEEEEEEEEEEEEEEEEEEEEEEEEEEEEE・EEEEEEEEEEEEEEEEEEEEEEEEEEEEEEEEEEEEEEEEEEEEEEEEE`,(NULL),time,x,y,w,h,acc,a,r,g,b,blend,filter,angle,center,loop,timer,op1,op2,op3
#DST_NUMBER,0,0,630,834,18,20,2,255,237,198,255,1,0,0,0,800,0,-100,32,0
#DST_NUMBER,0,800,630,574,18,20,2,255,237,198,255,1,0,0,0,,,,,
,,,,,,,,,,,,,,,,,,,,
//PERCENT,,,,,,,,,,,,,,,,,,,,
//SRC・E・E・E`,(NULL),gr,x,y,w,h,div_x,div_y,cycle,timer,op1,op2,op3,,,,,,,
#SRC_IMAGE,0,0,892,580,30,30,1,1,0,0,0,0,0,,,,,,,
//DST・E・E・E`,(NULL),time,x,y,w,h,acc,a,r,g,b,blend,filter,angle,center,loop,timer,op1,op2,op3
#DST_IMAGE,0,0,670,837,16,16,2,255,237,198,255,1,0,0,0,800,0,-100,32,0
#DST_IMAGE,0,800,670,577,16,16,2,255,237,198,255,1,0,0,0,0,0,0,0,0
,,,,,,,,,,,,,,,,,,,,
//COMBO,,,,,,,,,,,,,,,,,,,,
//SRC・E・E・E`,(NULL),gr,x,y,w,h,div_x,div_y,cycle,timer,op1,op2,op3,,,,,,,
#SRC_IMAGE,0,0,1384,209,216,43,1,1,0,0,0,0,0,,,,,,,
//DST・E・E・E`,(NULL),time,x,y,w,h,acc,a,r,g,b,blend,filter,angle,center,loop,timer,op1,op2,op3
#DST_IMAGE,0,0,300,891,108,21,2,255,255,255,255,1,0,0,0,800,0,-100,32,0
#DST_IMAGE,0,800,300,631,108,21,2,255,255,255,255,1,0,0,0,0,0,0,0,0
,,,,,,,,,,,,,,,,,,,,
//combo,,,,,,,,,,,,,,,,,,,,
//SRC・EEEEEEEEEEEEEEEEEEEEEEEEEEEEEEEEEEEEEEEEEEEEEEEEE・EEEEEEEEEEEEEEEEEEEEEEEEEEEEEEEEEEEEEEEEEEEEEEEEE・EEEEEEEEEEEEEEEEEEEEEEEEEEEEEEEEEEEEEEEEEEEEEEEEE`,(null),gr,x,y,w,h,div_x,div_y,cycle,timer,num,align,keta,,,,,,,
#SRC_NUMBER,0,0,928,479,258,27,10,1,0,0,75,1,5,,,,,,,
//DST・EEEEEEEEEEEEEEEEEEEEEEEEEEEEEEEEEEEEEEEEEEEEEEEEE・EEEEEEEEEEEEEEEEEEEEEEEEEEEEEEEEEEEEEEEEEEEEEEEEE・EEEEEEEEEEEEEEEEEEEEEEEEEEEEEEEEEEEEEEEEEEEEEEEEE`,(NULL),time,x,y,w,h,acc,a,r,g,b,blend,filter,angle,center,loop,timer,op1,op2,op3
#DST_NUMBER,0,0,300,916,28,30,2,255,255,255,255,1,0,0,0,800,0,-100,32,0
#DST_NUMBER,0,800,300,656,28,30,2,255,255,255,255,1,0,0,0,,,,,
//COMBO,,,,,,,,,,,,,,,,,,,,
//SRC・EEEEEEEEEEEEEEEEEEEEEEEEEEEEEEEEEEEEE・EEEEEEEEEEEEEEEEEEEEEEEEEEEEEEEEEEEEE・EEEEEEEEEEEEEEEEEEEEEEEEEEEEEEEEEEEEE`,(null),gr,x,y,w,h,div_x,div_y,cycle,timer,num,align,keta,,,,,,,
#SRC_NUMBER,0,0,928,479,258,27,10,1,0,0,75,1,5,,,,,,,
//DST・EEEEEEEEEEEEEEEEEEEEEEEEEEEEEEEEEEEEE・EEEEEEEEEEEEEEEEEEEEEEEEEEEEEEEEEEEEE・EEEEEEEEEEEEEEEEEEEEEEEEEEEEEEEEEEEEE`,(NULL),time,x,y,w,h,acc,a,r,g,b,blend,filter,angle,center,loop,timer,op1,op2,op3
#DST_NUMBER,0,800,300,656,28,30,0,0,255,255,255,1,0,0,0,800,0,105,0,0
#DST_NUMBER,0,1800,300,656,28,30,0,255,255,255,255,1,0,0,0,,,,,
#DST_NUMBER,0,2800,300,656,28,30,0,255,0,255,144,1,0,0,0,,,,,
#DST_NUMBER,0,3800,300,656,28,30,0,255,255,255,255,1,0,0,0,,,,,
,,,,,,,,,,,,,,,,,,,,
//JUDGE LABEL,,,,,,,,,,,,,,,,,,,,
//SRC・EEEEEEEEEEEEEEEEEEEEEEEEEEEEEEEEEEE・EEEEEEEEEEEEEEEEEEEEEEEEEEEEEEEEEEE・EEEEEEEEEEEEEEEEEEEEEEEEEEEEEEEEEEE`,(NULL),gr,x,y,w,h,div_x,div_y,cycle,timer,op1,op2,op3,,,,,,,
#SRC_IMAGE,0,0,2082,624,63,29,1,1,0,0,0,0,0,,,,,,,
//DST・EEEEEEEEEEEEEEEEEEEEEEEEEEEEEEEEEEE・EEEEEEEEEEEEEEEEEEEEEEEEEEEEEEEEEEE・EEEEEEEEEEEEEEEEEEEEEEEEEEEEEEEEEEE`,(NULL),time,x,y,w,h,acc,a,r,g,b,blend,filter,angle,center,loop,timer,op1,op2,op3
#DST_IMAGE,0,0,800,820,34,17,2,255,255,255,255,1,0,0,0,800,0,32,-100,0
#DST_IMAGE,0,800,800,560,34,17,2,255,255,255,255,1,0,0,0,0,0,0,0,0
//SRC・EEEEEEEEEEEEEEEEEEEEEEEEEEEEEEEEEEE・EEEEEEEEEEEEEEEEEEEEEEEEEEEEEEEEEEE・EEEEEEEEEEEEEEEEEEEEEEEEEEEEEEEEEEE`,(NULL),gr,x,y,w,h,div_x,div_y,cycle,timer,op1,op2,op3,,,,,,,
#SRC_IMAGE,0,0,2080,671,65,29,1,1,0,0,0,0,0,,,,,,,
//DST・EEEEEEEEEEEEEEEEEEEEEEEEEEEEEEEEEEE・EEEEEEEEEEEEEEEEEEEEEEEEEEEEEEEEEEE・EEEEEEEEEEEEEEEEEEEEEEEEEEEEEEEEEEE`,(NULL),time,x,y,w,h,acc,a,r,g,b,blend,filter,angle,center,loop,timer,op1,op2,op3
#DST_IMAGE,0,0,800,845,34,17,2,255,255,255,255,1,0,0,0,800,0,32,-100,0
#DST_IMAGE,0,800,800,585,34,17,2,255,255,255,255,1,0,0,0,0,0,0,0,0
//SRC・EEEEEEEEEEEEEEEEEEEEEEEEEEEEEEEEEEE・EEEEEEEEEEEEEEEEEEEEEEEEEEEEEEEEEEE・EEEEEEEEEEEEEEEEEEEEEEEEEEEEEEEEEEE`,(NULL),gr,x,y,w,h,div_x,div_y,cycle,timer,op1,op2,op3,,,,,,,
#SRC_IMAGE,0,0,2080,723,63,29,1,1,0,0,0,0,0,,,,,,,
//DST・EEEEEEEEEEEEEEEEEEEEEEEEEEEEEEEEEEE・EEEEEEEEEEEEEEEEEEEEEEEEEEEEEEEEEEE・EEEEEEEEEEEEEEEEEEEEEEEEEEEEEEEEEEE`,(NULL),time,x,y,w,h,acc,a,r,g,b,blend,filter,angle,center,loop,timer,op1,op2,op3
#DST_IMAGE,0,0,800,870,34,17,2,255,255,255,255,1,0,0,0,800,0,32,-100,0
#DST_IMAGE,0,800,800,610,34,17,2,255,255,255,255,1,0,0,0,0,0,0,0,0
//SRC・EEEEEEEEEEEEEEEEEEEEEEEEEEEEEEEEEEE・EEEEEEEEEEEEEEEEEEEEEEEEEEEEEEEEEEE・EEEEEEEEEEEEEEEEEEEEEEEEEEEEEEEEEEE`,(NULL),gr,x,y,w,h,div_x,div_y,cycle,timer,op1,op2,op3,,,,,,,
#SRC_IMAGE,0,0,2085,781,60,29,1,1,0,0,0,0,0,,,,,,,
//DST・EEEEEEEEEEEEEEEEEEEEEEEEEEEEEEEEEEE・EEEEEEEEEEEEEEEEEEEEEEEEEEEEEEEEEEE・EEEEEEEEEEEEEEEEEEEEEEEEEEEEEEEEEEE`,(NULL),time,x,y,w,h,acc,a,r,g,b,blend,filter,angle,center,loop,timer,op1,op2,op3
#DST_IMAGE,0,0,800,895,34,17,2,255,255,255,255,1,0,0,0,800,0,32,-100,0
#DST_IMAGE,0,800,800,635,34,17,2,255,255,255,255,1,0,0,0,0,0,0,0,0
//SRC・EEEEEEEEEEEEEEEEEEEEEEEEEEEEEEEEEEE・EEEEEEEEEEEEEEEEEEEEEEEEEEEEEEEEEEE・EEEEEEEEEEEEEEEEEEEEEEEEEEEEEEEEEEE`,(NULL),gr,x,y,w,h,div_x,div_y,cycle,timer,op1,op2,op3,,,,,,,
#SRC_IMAGE,0,0,2083,834,62,29,1,1,0,0,0,0,0,,,,,,,
//DST・EEEEEEEEEEEEEEEEEEEEEEEEEEEEEEEEEEE・EEEEEEEEEEEEEEEEEEEEEEEEEEEEEEEEEEE・EEEEEEEEEEEEEEEEEEEEEEEEEEEEEEEEEEE`,(NULL),time,x,y,w,h,acc,a,r,g,b,blend,filter,angle,center,loop,timer,op1,op2,op3
#DST_IMAGE,0,0,800,920,34,17,2,255,255,255,255,1,0,0,0,800,0,32,-100,0
#DST_IMAGE,0,800,800,660,34,17,2,255,255,255,255,1,0,0,0,0,0,0,0,0
//PERFECT 1P 110,,,,,,,,,,,,,,,,,,,,
#SRC_NUMBER,(null),gr,x,y,w,h,div_x,div_y,cycle,timer,num,align,keta,,,,,,,
#SRC_NUMBER,0,0,928,479,258,27,10,1,0,0,80,1,5,,,,,,,
//DST・EEEEEEEEEEEEEEEEEEEEEEEEEEEEEEEEEEE・EEEEEEEEEEEEEEEEEEEEEEEEEEEEEEEEEEE・EEEEEEEEEEEEEEEEEEEEEEEEEEEEEEEEEEE`,(NULL),time,x,y,w,h,acc,a,r,g,b,blend,filter,angle,center,loop,timer,op1,op2,op3
#DST_NUMBER,0,0,850,820,14,16,2,255,186,255,255,1,0,0,0,800,0,32,-100,0
#DST_NUMBER,0,800,850,560,14,16,2,255,186,255,255,1,0,0,0,0,0,0,-100,0
//GREAT 1P 111,,,,,,,,,,,,,,,,,,,,
//SRC・EEEEEEEEEEEEEEEEEEEEEEEEEEEEEEEEEEE・EEEEEEEEEEEEEEEEEEEEEEEEEEEEEEEEEEE・EEEEEEEEEEEEEEEEEEEEEEEEEEEEEEEEEEE`,(null),gr,x,y,w,h,div_x,div_y,cycle,timer,num,align,keta,,,,,,,
#SRC_NUMBER,0,0,928,479,258,27,10,1,0,0,81,1,5,,,,,,,
//DST・EEEEEEEEEEEEEEEEEEEEEEEEEEEEEEEEEEE・EEEEEEEEEEEEEEEEEEEEEEEEEEEEEEEEEEE・EEEEEEEEEEEEEEEEEEEEEEEEEEEEEEEEEEE`,(NULL),time,x,y,w,h,acc,a,r,g,b,blend,filter,angle,center,loop,timer,op1,op2,op3
#DST_NUMBER,0,0,850,845,14,16,2,255,255,228,94,1,0,0,0,800,0,32,-100,0
#DST_NUMBER,0,800,850,585,14,16,2,255,255,228,94,1,0,0,0,0,0,0,-100,0
//GOOD 1P 112,,,,,,,,,,,,,,,,,,,,
//SRC・EEEEEEEEEEEEEEEEEEEEEEEEEEEEEEEEEEE・EEEEEEEEEEEEEEEEEEEEEEEEEEEEEEEEEEE・EEEEEEEEEEEEEEEEEEEEEEEEEEEEEEEEEEE`,(null),gr,x,y,w,h,div_x,div_y,cycle,timer,num,align,keta,,,,,,,
#SRC_NUMBER,0,0,928,479,258,27,10,1,0,0,82,1,5,,,,,,,
//DST・EEEEEEEEEEEEEEEEEEEEEEEEEEEEEEEEEEE・EEEEEEEEEEEEEEEEEEEEEEEEEEEEEEEEEEE・EEEEEEEEEEEEEEEEEEEEEEEEEEEEEEEEEEE`,(NULL),time,x,y,w,h,acc,a,r,g,b,blend,filter,angle,center,loop,timer,op1,op2,op3
#DST_NUMBER,0,0,850,870,14,16,2,255,0,255,33,1,0,0,0,800,0,32,-100,0
#DST_NUMBER,0,800,850,610,14,16,2,255,0,255,33,1,0,0,0,0,0,0,-100,0
//BAD 1P 113,,,,,,,,,,,,,,,,,,,,
//SRC・EEEEEEEEEEEEEEEEEEEEEEEEEEEEEEEEEEE・EEEEEEEEEEEEEEEEEEEEEEEEEEEEEEEEEEE・EEEEEEEEEEEEEEEEEEEEEEEEEEEEEEEEEEE`,(null),gr,x,y,w,h,div_x,div_y,cycle,timer,num,align,keta,,,,,,,
#SRC_NUMBER,0,0,928,479,258,27,10,1,0,0,83,1,5,,,,,,,
//DST・EEEEEEEEEEEEEEEEEEEEEEEEEEEEEEEEEEE・EEEEEEEEEEEEEEEEEEEEEEEEEEEEEEEEEEE・EEEEEEEEEEEEEEEEEEEEEEEEEEEEEEEEEEE`,(NULL),time,x,y,w,h,acc,a,r,g,b,blend,filter,angle,center,loop,timer,op1,op2,op3
#DST_NUMBER,0,0,850,896,14,16,2,255,127,0,0,1,0,0,0,800,0,32,-100,0
#DST_NUMBER,0,800,850,636,14,16,2,255,127,0,0,1,0,0,0,0,0,0,-100,0
//POOR 1P 114,,,,,,,,,,,,,,,,,,,,
//SRC・EEEEEEEEEEEEEEEEEEEEEEEEEEEEEEEEEEE・EEEEEEEEEEEEEEEEEEEEEEEEEEEEEEEEEEE・EEEEEEEEEEEEEEEEEEEEEEEEEEEEEEEEEEE`,(null),gr,x,y,w,h,div_x,div_y,cycle,timer,num,align,keta,,,,,,,
#SRC_NUMBER,0,0,928,479,258,27,10,1,0,0,84,1,5,,,,,,,
//DST・EEEEEEEEEEEEEEEEEEEEEEEEEEEEEEEEEEE・EEEEEEEEEEEEEEEEEEEEEEEEEEEEEEEEEEE・EEEEEEEEEEEEEEEEEEEEEEEEEEEEEEEEEEE`,(NULL),time,x,y,w,h,acc,a,r,g,b,blend,filter,angle,center,loop,timer,op1,op2,op3
#DST_NUMBER,0,0,850,924,14,16,2,255,255,0,220,1,0,0,0,800,0,32,-100,0
#DST_NUMBER,0,800,850,661,14,16,2,255,255,0,220,1,0,0,0,0,,,,
,,,,,,,,,,,,,,,,,,,,
//CLEARTYPE,,,,,,,,,,,,,,,,,,,,
//FAILED,,,,,,,,,,,,,,,,,,,,
//SRC・EEEEEEEEEEEEEEEEEEEEEEEEEEEEEEEEEEE・EEEEEEEEEEEEEEEEEEEEEEEEEEEEEEEEEEE・EEEEEEEEEEEEEEEEEEEEEEEEEEEEEEEEEEE`,(NULL),gr,x,y,w,h,div_x,div_y,cycle,timer,op1,op2,op3,,,,,,,
#SRC_IMAGE,0,0,1970,275,312,43,1,1,0,0,0,0,0,,,,,,,
//DST・EEEEEEEEEEEEEEEEEEEEEEEEEEEEEEEEEEE・EEEEEEEEEEEEEEEEEEEEEEEEEEEEEEEEEEE・EEEEEEEEEEEEEEEEEEEEEEEEEEEEEEEEEEE`,(NULL),time,x,y,w,h,acc,a,r,g,b,blend,filter,angle,center,loop,timer,op1,op2,op3
#DST_IMAGE,0,0,60,920,156,21,2,255,255,255,255,1,0,0,0,800,0,101,-100,32
#DST_IMAGE,0,800,60,660,156,21,2,255,255,255,255,1,0,0,0,0,0,0,0,0
,,,,,,,,,,,,,,,,,,,,
//AS EASY,,,,,,,,,,,,,,,,,,,,
//SRC・EEEEEEEEEEEEEEEEEEEEEEEEEEEEEEEEEEE・EEEEEEEEEEEEEEEEEEEEEEEEEEEEEEEEEEE・EEEEEEEEEEEEEEEEEEEEEEEEEEEEEEEEEEE`,(NULL),gr,x,y,w,h,div_x,div_y,cycle,timer,op1,op2,op3,,,,,,,
#SRC_IMAGE,0,0,1970,387,312,52,1,1,0,0,0,0,0,,,,,,,
//DST・EEEEEEEEEEEEEEEEEEEEEEEEEEEEEEEEEEE・EEEEEEEEEEEEEEEEEEEEEEEEEEEEEEEEEEE・EEEEEEEEEEEEEEEEEEEEEEEEEEEEEEEEEEE`,(NULL),time,x,y,w,h,acc,a,r,g,b,blend,filter,angle,center,loop,timer,op1,op2,op3
#DST_IMAGE,0,0,60,920,156,26,2,255,255,255,255,1,0,0,0,800,0,109,-100,32
#DST_IMAGE,0,800,60,660,156,26,2,255,255,255,255,1,0,0,0,0,0,0,0,0
,,,,,,,,,,,,,,,,,,,,
//EASY,,,,,,,,,,,,,,,,,,,,
//SRC・EEEEEEEEEEEEEEEEEEEEEEEEEEEEEEEEEEE・EEEEEEEEEEEEEEEEEEEEEEEEEEEEEEEEEEE・EEEEEEEEEEEEEEEEEEEEEEEEEEEEEEEEEEE`,(NULL),gr,x,y,w,h,div_x,div_y,cycle,timer,op1,op2,op3,,,,,,,
#SRC_IMAGE,0,0,1970,57,312,52,1,1,0,0,0,0,0,,,,,,,
//DST・EEEEEEEEEEEEEEEEEEEEEEEEEEEEEEEEEEE・EEEEEEEEEEEEEEEEEEEEEEEEEEEEEEEEEEE・EEEEEEEEEEEEEEEEEEEEEEEEEEEEEEEEEEE`,(NULL),time,x,y,w,h,acc,a,r,g,b,blend,filter,angle,center,loop,timer,op1,op2,op3
#DST_IMAGE,0,0,50,920,156,26,2,255,255,255,255,1,0,0,0,800,0,146,-100,32
#DST_IMAGE,0,800,50,660,156,26,2,255,255,255,255,1,0,0,0,0,0,0,0,0
,,,,,,,,,,,,,,,,,,,,
//NORMAL,,,,,,,,,,,,,,,,,,,,
//SRC・EEEEEEEEEEEEEEEEEEEEEEEEEEEEEEEEEEE・EEEEEEEEEEEEEEEEEEEEEEEEEEEEEEEEEEE・EEEEEEEEEEEEEEEEEEEEEEEEEEEEEEEEEEE`,(NULL),gr,x,y,w,h,div_x,div_y,cycle,timer,op1,op2,op3,,,,,,,
#SRC_IMAGE,0,0,1970,112,312,43,1,1,0,0,0,0,0,,,,,,,
//DST・EEEEEEEEEEEEEEEEEEEEEEEEEEEEEEEEEEE・EEEEEEEEEEEEEEEEEEEEEEEEEEEEEEEEEEE・EEEEEEEEEEEEEEEEEEEEEEEEEEEEEEEEEEE`,(NULL),time,x,y,w,h,acc,a,r,g,b,blend,filter,angle,center,loop,timer,op1,op2,op3
#DST_IMAGE,0,0,50,920,156,21,2,255,255,255,255,1,0,0,0,800,0,103,-100,32
#DST_IMAGE,0,800,50,660,156,21,2,255,255,255,255,1,0,0,0,0,0,0,0,0
,,,,,,,,,,,,,,,,,,,,
//HARD,,,,,,,,,,,,,,,,,,,,
//SRC・EEEEEEEEEEEEEEEEEEEEEEEEEEEEEEEEEEE・EEEEEEEEEEEEEEEEEEEEEEEEEEEEEEEEEEE・EEEEEEEEEEEEEEEEEEEEEEEEEEEEEEEEEEE`,(NULL),gr,x,y,w,h,div_x,div_y,cycle,timer,op1,op2,op3,,,,,,,
#SRC_IMAGE,0,0,1970,166,312,43,1,1,0,0,0,0,0,,,,,,,
//DST・EEEEEEEEEEEEEEEEEEEEEEEEEEEEEEEEEEE・EEEEEEEEEEEEEEEEEEEEEEEEEEEEEEEEEEE・EEEEEEEEEEEEEEEEEEEEEEEEEEEEEEEEEEE`,(NULL),time,x,y,w,h,acc,a,r,g,b,blend,filter,angle,center,loop,timer,op1,op2,op3
#DST_IMAGE,0,0,53,920,156,21,2,255,255,255,255,1,0,0,0,800,0,147,-100,32
#DST_IMAGE,0,800,53,660,156,21,2,255,255,255,255,1,0,0,0,0,0,0,0,0
,,,,,,,,,,,,,,,,,,,,
//EX-HARD,,,,,,,,,,,,,,,,,,,,
//SRC・EEEEEEEEEEEEEEEEEEEEEEEEEEEEEEEEEEE・EEEEEEEEEEEEEEEEEEEEEEEEEEEEEEEEEEE・EEEEEEEEEEEEEEEEEEEEEEEEEEEEEEEEEEE`,(NULL),gr,x,y,w,h,div_x,div_y,cycle,timer,op1,op2,op3,,,,,,,
#SRC_IMAGE,0,0,1970,331,312,43,1,1,0,0,0,0,0,,,,,,,
//DST・EEEEEEEEEEEEEEEEEEEEEEEEEEEEEEEEEEE・EEEEEEEEEEEEEEEEEEEEEEEEEEEEEEEEEEE・EEEEEEEEEEEEEEEEEEEEEEEEEEEEEEEEEEE`,(NULL),time,x,y,w,h,acc,a,r,g,b,blend,filter,angle,center,loop,timer,op1,op2,op3
#DST_IMAGE,0,0,60,920,156,21,2,255,255,255,255,1,0,0,0,800,0,106,-100,32
#DST_IMAGE,0,800,60,660,156,21,2,255,255,255,255,1,0,0,0,0,0,0,0,0
,,,,,,,,,,,,,,,,,,,,
//FC,,,,,,,,,,,,,,,,,,,,
//SRC・EEEEEEEEEEEEEEEEEEEEEEEEEEEEEEEEEEE・EEEEEEEEEEEEEEEEEEEEEEEEEEEEEEEEEEE・EEEEEEEEEEEEEEEEEEEEEEEEEEEEEEEEEEE`,(NULL),gr,x,y,w,h,div_x,div_y,cycle,timer,op1,op2,op3,,,,,,,
#SRC_IMAGE,0,0,1970,220,312,43,1,1,0,0,0,0,0,,,,,,,
//DST・EEEEEEEEEEEEEEEEEEEEEEEEEEEEEEEEEEE・EEEEEEEEEEEEEEEEEEEEEEEEEEEEEEEEEEE・EEEEEEEEEEEEEEEEEEEEEEEEEEEEEEEEEEE`,(NULL),time,x,y,w,h,acc,a,r,g,b,blend,filter,angle,center,loop,timer,op1,op2,op3
#DST_IMAGE,0,0,50,920,156,21,2,255,255,255,255,1,0,0,0,800,0,148,-100,32
#DST_IMAGE,0,800,50,660,156,21,2,255,255,104,104,1,0,0,0,,,,,0
#DST_IMAGE,0,900,50,660,156,21,2,255,25,255,167,1,0,0,0,,,,,
#DST_IMAGE,0,1000,50,660,156,21,2,255,255,230,109,1,0,0,0,,,,,
#DST_IMAGE,0,1100,50,660,156,21,2,255,255,112,235,1,0,0,0,,,,,
#DST_IMAGE,0,1200,50,660,156,21,2,255,255,255,255,1,0,0,0,,,,,
,,,,,,,,,,,,,,,,,,,,
,,,,,,,,,,,,,,,,,,,,
//GFC,,,,,,,,,,,,,,,,,,,,
//SRC・EEEEEEEEEEEEEEEEEEEEEEEEEEEEEEEEEEE・EEEEEEEEEEEEEEEEEEEEEEEEEEEEEEEEEEE・EEEEEEEEEEEEEEEEEEEEEEEEEEEEEEEEEEE`,(NULL),gr,x,y,w,h,div_x,div_y,cycle,timer,op1,op2,op3,,,,,,,
#SRC_IMAGE,0,0,1970,448,312,45,1,1,0,0,0,0,0,,,,,,,
//DST・EEEEEEEEEEEEEEEEEEEEEEEEEEEEEEEEEEE・EEEEEEEEEEEEEEEEEEEEEEEEEEEEEEEEEEE・EEEEEEEEEEEEEEEEEEEEEEEEEEEEEEEEEEE`,(NULL),time,x,y,w,h,acc,a,r,g,b,blend,filter,angle,center,loop,timer,op1,op2,op3
#DST_IMAGE,0,0,60,920,156,21,2,255,255,255,255,1,0,0,0,800,0,107,-100,32
#DST_IMAGE,0,800,60,660,156,21,2,255,255,255,255,1,0,0,0,,,,,0
#DST_IMAGE,0,900,60,660,156,21,2,255,255,239,160,1,0,0,0,,,,,
#DST_IMAGE,0,1000,60,660,156,21,2,255,255,234,132,1,0,0,0,,,,,
#DST_IMAGE,0,1100,60,660,156,21,2,255,255,239,55,1,0,0,0,,,,,
#DST_IMAGE,0,1200,60,660,156,21,2,255,255,239,211,1,0,0,0,,,,,
,,,,,,,,,,,,,,,,,,,,
//AP,,,,,,,,,,,,,,,,,,,,
//SRC・EEEEEEEEEEEEEEEEEEEEEEEEEEEEEEEEEEE・EEEEEEEEEEEEEEEEEEEEEEEEEEEEEEEEEEE・EEEEEEEEEEEEEEEEEEEEEEEEEEEEEEEEEEE`,(NULL),gr,x,y,w,h,div_x,div_y,cycle,timer,op1,op2,op3,,,,,,,
#SRC_IMAGE,0,0,1971,510,311,43,1,1,0,0,0,0,0,,,,,,,
//DST・EEEEEEEEEEEEEEEEEEEEEEEEEEEEEEEEEEE・EEEEEEEEEEEEEEEEEEEEEEEEEEEEEEEEEEE・EEEEEEEEEEEEEEEEEEEEEEEEEEEEEEEEEEE`,(NULL),time,x,y,w,h,acc,a,r,g,b,blend,filter,angle,center,loop,timer,op1,op2,op3
#DST_IMAGE,0,0,58,920,156,21,2,255,255,255,255,1,0,0,0,800,0,108,-100,32
#DST_IMAGE,0,800,58,660,156,21,2,255,0,255,255,1,0,0,0,,,,,0
#DST_IMAGE,0,900,58,660,156,21,2,255,165,211,211,1,0,0,0,,,,,
#DST_IMAGE,0,1000,58,660,156,21,2,255,168,255,255,1,0,0,0,,,,,
#DST_IMAGE,0,1100,58,660,156,21,2,255,0,211,211,1,0,0,0,,,,,
#DST_IMAGE,0,1200,58,660,156,21,2,255,110,211,211,1,0,0,0,,,,,
,,,,,,,,,,,,,,,,,,,,
//FADE OUT timer =2,,,,,,,,,,,,,,,,,,,,
//SRC・EEEEEEEEEEEEEEEEEEEEEEEEEEEEEEEEEEEEE・EEEEEEEEEEEEEEEEEEEEEEEEEEEEEEEEEEEEE・EEEEEEEEEEEEEEEEEEEEEEEEEEEEEEEEEEEEE`,(NULL),gr,x,y,w,h,div_x,div_y,cycle,timer,op1,op2,op3,,,,,,,
#SRC_IMAGE,0,110,0,0,1,1,1,1,0,2,0,0,0,,,,,,,
//DST・EEEEEEEEEEEEEEEEEEEEEEEEEEEEEEEEEEEEE・EEEEEEEEEEEEEEEEEEEEEEEEEEEEEEEEEEEEE・EEEEEEEEEEEEEEEEEEEEEEEEEEEEEEEEEEEEE`,(NULL),time,x,y,w,h,acc,a,r,g,b,blend,filter,angle,center,loop,timer,op1,op2,op3
#DST_IMAGE,0,0,0,0,1280,720,0,0,255,255,255,1,0,0,0,200,2,0,0,0
#DST_IMAGE,0,200,0,0,1280,720,0,255,255,255,255,1,0,0,0,,,,,
,,,,,,,,,,,,,,,,,,,,
//TIME LABEL,,,,,,,,,,,,,,,,,,,,
//SRC・EEEEEEEEEEEEEEEEEEEEEEEEEEEEEEEEEEEEE・EEEEEEEEEEEEEEEEEEEEEEEEEEEEEEEEEEEEE・EEEEEEEEEEEEEEEEEEEEEEEEEEEEEEEEEEEEE`,(NULL),gr,x,y,w,h,div_x,div_y,cycle,timer,op1,op2,op3,,,,,,,
#SRC_IMAGE,0,3,15,703,346,29,1,1,0,1,0,0,0,,,,,,,
//DST・EEEEEEEEEEEEEEEEEEEEEEEEEEEEEEEEEEEEE・EEEEEEEEEEEEEEEEEEEEEEEEEEEEEEEEEEEEE・EEEEEEEEEEEEEEEEEEEEEEEEEEEEEEEEEEEEE`,(NULL),time,x,y,w,h,acc,a,r,g,b,blend,filter,angle,center,loop,timer,op1,op2,op3
#DST_IMAGE,0,0,1169,685,100,8,0,255,255,255,255,1,0,0,0,0,0,0,0,0
//SECONDS,,,,,,,,,,,,,,,,,,,,
//SRC・EEEEEEEEEEEEEEEEEEEEEEEEEEEEEEEEEEEEE・EEEEEEEEEEEEEEEEEEEEEEEEEEEEEEEEEEEEE・EEEEEEEEEEEEEEEEEEEEEEEEEEEEEEEEEEEEE`,(null),gr,x,y,w,h,div_x,div_y,cycle,timer,num,align,keta,,,,,,,
#SRC_NUMBER,0,3,0,1539,279,27,11,1,0,0,26,0,2,,,,,,,
//DST・EEEEEEEEEEEEEEEEEEEEEEEEEEEEEEEEEEEEE・EEEEEEEEEEEEEEEEEEEEEEEEEEEEEEEEEEEEE・EEEEEEEEEEEEEEEEEEEEEEEEEEEEEEEEEEEEE`,(NULL),time,x,y,w,h,acc,a,r,g,b,blend,filter,angle,center,loop,timer,,,
#DST_NUMBER,0,0,1234,695,18,20,0,255,255,255,255,1,0,0,0,0,0,,,
//TIME COLON,,,,,,,,,,,,,,,,,,,,
//SRC・EEEEEEEEEEEEEEEEEEEEEEEEEEEEEEEEEEEEE・EEEEEEEEEEEEEEEEEEEEEEEEEEEEEEEEEEEEE・EEEEEEEEEEEEEEEEEEEEEEEEEEEEEEEEEEEEE`,(NULL),gr,x,y,w,h,div_x,div_y,cycle,timer,op1,op2,op3,,,,,,,
#SRC_IMAGE,0,3,290,1498,8,26,1,1,0,0,0,0,0,,,,,,,
//DST・EEEEEEEEEEEEEEEEEEEEEEEEEEEEEEEEEEEEE・EEEEEEEEEEEEEEEEEEEEEEEEEEEEEEEEEEEEE・EEEEEEEEEEEEEEEEEEEEEEEEEEEEEEEEEEEEE`,(NULL),time,x,y,w,h,acc,a,r,g,b,blend,filter,angle,center,loop,timer,op1,op2,op3
#DST_IMAGE,0,0,1229,701,5,13,0,255,255,255,255,1,0,0,0,0,0,0,0,0
//MINUTES,,,,,,,,,,,,,,,,,,,,
//SRC・EEEEEEEEEEEEEEEEEEEEEEEEEEEEEEEEEEEEE・EEEEEEEEEEEEEEEEEEEEEEEEEEEEEEEEEEEEE・EEEEEEEEEEEEEEEEEEEEEEEEEEEEEEEEEEEEE`,(null),gr,x,y,w,h,div_x,div_y,cycle,timer,num,align,keta,,,,,,,
#SRC_NUMBER,0,3,0,1539,279,27,11,1,0,0,25,0,2,,,,,,,
//DST・EEEEEEEEEEEEEEEEEEEEEEEEEEEEEEEEEEEEE・EEEEEEEEEEEEEEEEEEEEEEEEEEEEEEEEEEEEE・EEEEEEEEEEEEEEEEEEEEEEEEEEEEEEEEEEEEE`,(NULL),time,x,y,w,h,acc,a,r,g,b,blend,filter,angle,center,loop,timer,,,
#DST_NUMBER,0,0,1190,695,18,20,0,255,255,255,255,1,0,0,0,0,0,,,
//TIME COLON,,,,,,,,,,,,,,,,,,,,
//SRC・EEEEEEEEEEEEEEEEEEEEEEEEEEEEEEEEEEEEE・EEEEEEEEEEEEEEEEEEEEEEEEEEEEEEEEEEEEE・EEEEEEEEEEEEEEEEEEEEEEEEEEEEEEEEEEEEE`,(NULL),gr,x,y,w,h,div_x,div_y,cycle,timer,op1,op2,op3,,,,,,,
#SRC_IMAGE,0,3,290,1498,8,26,1,1,0,0,0,0,0,,,,,,,
//DST・EEEEEEEEEEEEEEEEEEEEEEEEEEEEEEEEEEEEE・EEEEEEEEEEEEEEEEEEEEEEEEEEEEEEEEEEEEE・EEEEEEEEEEEEEEEEEEEEEEEEEEEEEEEEEEEEE`,(NULL),time,x,y,w,h,acc,a,r,g,b,blend,filter,angle,center,loop,timer,op1,op2,op3
#DST_IMAGE,0,0,1184,701,5,13,0,255,255,255,255,1,0,0,0,0,0,0,0,0
//MINUTES,,,,,,,,,,,,,,,,,,,,
//SRC・EEEEEEEEEEEEEEEEEEEEEEEEEEEEEEEEEEEEE・EEEEEEEEEEEEEEEEEEEEEEEEEEEEEEEEEEEEE・EEEEEEEEEEEEEEEEEEEEEEEEEEEEEEEEEEEEE`,(null),gr,x,y,w,h,div_x,div_y,cycle,timer,num,align,keta,,,,,,,
#SRC_NUMBER,0,3,0,1539,279,27,11,1,0,0,24,0,2,,,,,,,
//DST・EEEEEEEEEEEEEEEEEEEEEEEEEEEEEEEEEEEEE・EEEEEEEEEEEEEEEEEEEEEEEEEEEEEEEEEEEEE・EEEEEEEEEEEEEEEEEEEEEEEEEEEEEEEEEEEEE`,(NULL),gr,x,y,w,h,acc,a,r,g,b,blend,filter,angle,center,loop,timer,,,
#DST_NUMBER,0,0,1145,695,18,20,0,255,255,255,255,1,0,0,0,0,0,,,
,,,,,,,,,,,,,,,,,,,,
//FPS LABEL,,,,,,,,,,,,,,,,,,,,
//SRC・EEEEEEEEEEEEEEEEEEEEEEEEEEEEEEEEEEEEEEEEEEEEEEEEE・EEEEEEEEEEEEEEEEEEEEEEEEEEEEEEEEEEEEEEEEEEEEEEEEE・EEEEEEEEEEEEEEEEEEEEEEEEEEEEEEEEEEEEEEEEEEEEEEEEE`,(NULL),gr,x,y,w,h,div_x,div_y,cycle,timer,op1,op2,op3,,,,,,,
#SRC_IMAGE,0,1,813,2,76,29,1,1,0,0,0,0,0,,,,,,,
//DST・EEEEEEEEEEEEEEEEEEEEEEEEEEEEEEEEEEEEEEEEEEEEEEEEE・EEEEEEEEEEEEEEEEEEEEEEEEEEEEEEEEEEEEEEEEEEEEEEEEE・EEEEEEEEEEEEEEEEEEEEEEEEEEEEEEEEEEEEEEEEEEEEEEEEE`,(NULL),time,x,y,w,h,acc,a,r,g,b,blend,filter,angle,center,loop,timer,op1,op2,op3
#DST_IMAGE,0,0,12,685,22,9,0,255,255,255,255,1,0,0,0,0,0,0,0,0
//FPS,,,,,,,,,,,,,,,,,,,,
//SRC・EEEEEEEEEEEEEEEEEEEEEEEEEEEEEEEEEEEEEEEEEEEEEEEEE・EEEEEEEEEEEEEEEEEEEEEEEEEEEEEEEEEEEEEEEEEEEEEEEEE・EEEEEEEEEEEEEEEEEEEEEEEEEEEEEEEEEEEEEEEEEEEEEEEEE`,(null),gr,x,y,w,h,div_x,div_y,cycle,timer,num,align,keta,,,,,,,
#SRC_NUMBER,0,1,0,1539,258,27,10,1,0,0,20,0,3,,,,,,,
//DST・EEEEEEEEEEEEEEEEEEEEEEEEEEEEEEEEEEEEEEEEEEEEEEEEE・EEEEEEEEEEEEEEEEEEEEEEEEEEEEEEEEEEEEEEEEEEEEEEEEE・EEEEEEEEEEEEEEEEEEEEEEEEEEEEEEEEEEEEEEEEEEEEEEEEE`,(NULL),time,x,y,w,h,acc,a,r,g,b,blend,filter,angle,center,loop,timer,,,
#DST_NUMBER,0,0,3,696,13,17,0,255,255,255,255,1,0,0,0,0,0,,,
,,,,,,,,,,,,,,,,,,,,
//TIME LABEL,,,,,,,,,,,,,,,,,,,,
//SRC・EEEEEEEEEEEEEEEEEEEEEEEEEEEEEEEEEEEEE・EEEEEEEEEEEEEEEEEEEEEEEEEEEEEEEEEEEEE・EEEEEEEEEEEEEEEEEEEEEEEEEEEEEEEEEEEEE`,(NULL),gr,x,y,w,h,div_x,div_y,cycle,timer,op1,op2,op3,,,,,,,
#SRC_IMAGE,0,1,15,703,346,29,1,1,0,1,0,0,0,,,,,,,
//DST・EEEEEEEEEEEEEEEEEEEEEEEEEEEEEEEEEEEEE・EEEEEEEEEEEEEEEEEEEEEEEEEEEEEEEEEEEEE・EEEEEEEEEEEEEEEEEEEEEEEEEEEEEEEEEEEEE`,(NULL),time,x,y,w,h,acc,a,r,g,b,blend,filter,angle,center,loop,timer,op1,op2,op3
#DST_IMAGE,0,0,1169,685,100,8,0,255,255,255,255,1,0,0,0,0,0,0,0,0
//SECONDS,,,,,,,,,,,,,,,,,,,,
//SRC・EEEEEEEEEEEEEEEEEEEEEEEEEEEEEEEEEEEEE・EEEEEEEEEEEEEEEEEEEEEEEEEEEEEEEEEEEEE・EEEEEEEEEEEEEEEEEEEEEEEEEEEEEEEEEEEEE`,(null),gr,x,y,w,h,div_x,div_y,cycle,timer,num,align,keta,,,,,,,
#SRC_NUMBER,0,1,0,1539,279,27,11,1,0,0,26,0,2,,,,,,,
//DST・EEEEEEEEEEEEEEEEEEEEEEEEEEEEEEEEEEEEE・EEEEEEEEEEEEEEEEEEEEEEEEEEEEEEEEEEEEE・EEEEEEEEEEEEEEEEEEEEEEEEEEEEEEEEEEEEE`,(NULL),time,x,y,w,h,acc,a,r,g,b,blend,filter,angle,center,loop,timer,,,
#DST_NUMBER,0,0,1234,695,18,20,0,255,255,255,255,1,0,0,0,0,0,,,
//TIME COLON,,,,,,,,,,,,,,,,,,,,
//SRC・EEEEEEEEEEEEEEEEEEEEEEEEEEEEEEEEEEEEE・EEEEEEEEEEEEEEEEEEEEEEEEEEEEEEEEEEEEE・EEEEEEEEEEEEEEEEEEEEEEEEEEEEEEEEEEEEE`,(NULL),gr,x,y,w,h,div_x,div_y,cycle,timer,op1,op2,op3,,,,,,,
#SRC_IMAGE,0,1,290,1498,8,26,1,1,0,0,0,0,0,,,,,,,
//DST・EEEEEEEEEEEEEEEEEEEEEEEEEEEEEEEEEEEEE・EEEEEEEEEEEEEEEEEEEEEEEEEEEEEEEEEEEEE・EEEEEEEEEEEEEEEEEEEEEEEEEEEEEEEEEEEEE`,(NULL),time,x,y,w,h,acc,a,r,g,b,blend,filter,angle,center,loop,timer,op1,op2,op3
#DST_IMAGE,0,0,1229,701,5,13,0,255,255,255,255,1,0,0,0,0,0,0,0,0
//MINUTES,,,,,,,,,,,,,,,,,,,,
//SRC・EEEEEEEEEEEEEEEEEEEEEEEEEEEEEEEEEEEEE・EEEEEEEEEEEEEEEEEEEEEEEEEEEEEEEEEEEEE・EEEEEEEEEEEEEEEEEEEEEEEEEEEEEEEEEEEEE`,(null),gr,x,y,w,h,div_x,div_y,cycle,timer,num,align,keta,,,,,,,
#SRC_NUMBER,0,1,0,1539,279,27,11,1,0,0,25,0,2,,,,,,,
//DST・EEEEEEEEEEEEEEEEEEEEEEEEEEEEEEEEEEEEE・EEEEEEEEEEEEEEEEEEEEEEEEEEEEEEEEEEEEE・EEEEEEEEEEEEEEEEEEEEEEEEEEEEEEEEEEEEE`,(NULL),time,x,y,w,h,acc,a,r,g,b,blend,filter,angle,center,loop,timer,,,
#DST_NUMBER,0,0,1190,695,18,20,0,255,255,255,255,1,0,0,0,0,0,,,
//TIME COLON,,,,,,,,,,,,,,,,,,,,
//SRC・EEEEEEEEEEEEEEEEEEEEEEEEEEEEEEEEEEEEE・EEEEEEEEEEEEEEEEEEEEEEEEEEEEEEEEEEEEE・EEEEEEEEEEEEEEEEEEEEEEEEEEEEEEEEEEEEE`,(NULL),gr,x,y,w,h,div_x,div_y,cycle,timer,op1,op2,op3,,,,,,,
#SRC_IMAGE,0,1,290,1498,8,26,1,1,0,0,0,0,0,,,,,,,
//DST・EEEEEEEEEEEEEEEEEEEEEEEEEEEEEEEEEEEEE・EEEEEEEEEEEEEEEEEEEEEEEEEEEEEEEEEEEEE・EEEEEEEEEEEEEEEEEEEEEEEEEEEEEEEEEEEEE`,(NULL),time,x,y,w,h,acc,a,r,g,b,blend,filter,angle,center,loop,timer,op1,op2,op3
#DST_IMAGE,0,0,1184,701,5,13,0,255,255,255,255,1,0,0,0,0,0,0,0,0
//MINUTES,,,,,,,,,,,,,,,,,,,,
//SRC・EEEEEEEEEEEEEEEEEEEEEEEEEEEEEEEEEEEEE・EEEEEEEEEEEEEEEEEEEEEEEEEEEEEEEEEEEEE・EEEEEEEEEEEEEEEEEEEEEEEEEEEEEEEEEEEEE`,(null),gr,x,y,w,h,div_x,div_y,cycle,timer,num,align,keta,,,,,,,
#SRC_NUMBER,0,1,0,1539,279,27,11,1,0,0,24,0,2,,,,,,,
//DST・EEEEEEEEEEEEEEEEEEEEEEEEEEEEEEEEEEEEE・EEEEEEEEEEEEEEEEEEEEEEEEEEEEEEEEEEEEE・EEEEEEEEEEEEEEEEEEEEEEEEEEEEEEEEEEEEE`,(NULL),gr,x,y,w,h,acc,a,r,g,b,blend,filter,angle,center,loop,timer,,,
#DST_NUMBER,0,0,1145,695,18,20,0,255,255,255,255,1,0,0,0,0,0,,,
