//timer 143 PLAY END,,,,,,,,,,,,,,,,,,,,
,,,,,,,,,,,,,,,,,,,,
#ENDOFHEADER,,,,,,,,,,,,,,,,,,,,
,,,,,,,,,,,,,,,,,,,,
//SCRATCH PLACE 0=LEFT 1=RIGHT DEFAULT=0,,,,,,,,,,,,,,,,,,,,
//sc side,1P,2P,,,,,,,,,,,,,,,,,,
#SCRATCHSIDE,0,0,,,,,,,,,,,,,,,,,,
,,,,,,,,,,,,,,,,,,,,
//LR2・EEEEEEEEEEEEEEEEEEEEEEEEEEEEEEEEEEEEEEEEEEEv・EEEEEEEEEEEEEEEEEEEEEEEEEEEEEEEEEEEEEEEEEEE・EEEEEEEEEEEEEEEEEEEEEEEEEEEEEEEEEEEEEEEEEEE・EEEEEEEEEEEEEEEEEEEEEEEEEEEEEEEEEEEEEEEEEEEC・EEEEEEEEEEEEEEEEEEEEEEEEEEEEEEEEEEEEEEEEEEEX・EEEEEEEEEEEEEEEEEEEEEEEEEEEEEEEEEEEEEEEEEEEL・EEEEEEEEEEEEEEEEEEEEEEEEEEEEEEEEEEEEEEEEEEE・EEEEEEEEEEEEEEEEEEEEEEEEEEEEEEEEEEEEEEEEEEE ・EEEEEEEEEEEEEEEEEEEEEEEEEEEEEEEEEEEEEEEEEEEN・EEEEEEEEEEEEEEEEEEEEEEEEEEEEEEEEEEEEEEEEEEE・EEEEEEEEEEEEEEEEEEEEEEEEEEEEEEEEEEEEEEEEEEE・EEEEEEEEEEEEEEEEEEEEEEEEEEEEEEEEEEEEEEEEEEEV・EEEEEEEEEEEEEEEEEEEEEEEEEEEEEEEEEEEEEEEEEEEb・EEEEEEEEEEEEEEEEEEEEEEEEEEEEEEEEEEEEEEEEEEEN・EEEEEEEEEEEEEEEEEEEEEEEEEEEEEEEEEEEEEEEEEEEt・EEEEEEEEEEEEEEEEEEEEEEEEEEEEEEEEEEEEEEEEEEE・EEEEEEEEEEEEEEEEEEEEEEEEEEEEEEEEEEEEEEEEEEE・EEEEEEEEEEEEEEEEEEEEEEEEEEEEEEEEEEEEEEEEEEE[・EEEEEEEEEEEEEEEEEEEEEEEEEEEEEEEEEEEEEEEEEEE・EEEEEEEEEEEEEEEEEEEEEEEEEEEEEEEEEEEEEEEEEEEｶ・EEEEEEEEEEEEEEEEEEEEEEEEEEEEEEEEEEEEEEEEEEEM,,,,,,,,,,,,,,,,,,,,
//・EEEEEEEEEEEEEEEEEEEEEEEEEEEEEEEEEEEEEEEEEEE・EEEEEEEEEEEEEEEEEEEEEEEEEEEEEEEEEEEEEEEEEEE・EEEEEEEEEEEEEEEEEEEEEEEEEEEEEEEEEEEEEEEEEEE{・EEEEEEEEEEEEEEEEEEEEEEEEEEEEEEEEEEEEEEEEEEE・EEEEEEEEEEEEEEEEEEEEEEEEEEEEEEEEEEEEEEEEEEE・EEEEEEEEEEEEEEEEEEEEEEEEEEEEEEEEEEEEEEEEEEEｮ・EEEEEEEEEEEEEEEEEEEEEEEEEEEEEEEEEEEEEEEEEEEﾍselect.csv・EEEEEEEEEEEEEEEEEEEEEEEEEEEEEEEEEEEEEEEEEEE・EEEEEEEEEEEEEEEEEEEEEEEEEEEEEEEEEEEEEEEEEEE・EEEEEEEEEEEEEEEEEEEEEEEEEEEEEEEEEEEEEEEEEEEQ・EEEEEEEEEEEEEEEEEEEEEEEEEEEEEEEEEEEEEEEEEEEl・EEEEEEEEEEEEEEEEEEEEEEEEEEEEEEEEEEEEEEEEEEEﾉ・EEEEEEEEEEEEEEEEEEEEEEEEEEEEEEEEEEEEEEEEEEEｵ・EEEEEEEEEEEEEEEEEEEEEEEEEEEEEEEEEEEEEEEEEEEﾄ・EEEEEEEEEEEEEEEEEEEEEEEEEEEEEEEEEEEEEEEEEEEｺ・EEEEEEEEEEEEEEEEEEEEEEEEEEEEEEEEEEEEEEEEEEEｳ・EEEEEEEEEEEEEEEEEEEEEEEEEEEEEEEEEEEEEEEEEEE｢,,,,,,,,,,,,,,,,,,,,
,,,,,,,,,,,,,,,,,,,,
//[SET TRANSCLOLR],,,,,,,,,,,,,,,,,,,,
//,,,,,,,,,,,,,,,,,,,,
//・EEEEEEEEEEEEEEEEEEEEEEEEEEEEEEEEEEEEEEEEEEEｧ・EEEEEEEEEEEEEEEEEEEEEEEEEEEEEEEEEEEEEEEEEEEﾟ・EEEEEEEEEEEEEEEEEEEEEEEEEEEEEEEEEEEEEEEEEEEF,R,G,B,,,,,,,,,,,,,,,,,
#TRANSCLOLR,0,255,0,,,,,,,,,,,,,,,,,
,,,,,,,,,,,,,,,,,,,,
//[INPUT START TIME],,,,,,,,,,,,,,,,,,,,
//・EEEEEEEEEEEEEEEEEEEEEEEEEEEEEEEEEEEEEEEEEEE・EEEEEEEEEEEEEEEEEEEEEEEEEEEEEEEEEEEEEEEEEEE・EEEEEEEEEEEEEEEEEEEEEEEEEEEEEEEEEEEEEEEEEEEﾍ・EEEEEEEEEEEEEEEEEEEEEEEEEEEEEEEEEEEEEEEEEEEJ・EEEEEEEEEEEEEEEEEEEEEEEEEEEEEEEEEEEEEEEEEEEn・EEEEEEEEEEEEEEEEEEEEEEEEEEEEEEEEEEEEEEEEEEE・EEEEEEEEEEEEEEEEEEEEEEEEEEEEEEEEEEEEEEEEEEE・EEEEEEEEEEEEEEEEEEEEEEEEEEEEEEEEEEEEEEEEEEEﾔ,ms,,,,,,,,,,,,,,,,,,,
#STARTINPUT,0,,,,,,,,,,,,,,,,,,,
,,,,,,,,,,,,,,,,,,,,
//[PLAY START TIME],,,,,,,,,,,,,,,,,,,,
//LOADSTART ~LOAD START TIME,,,,,,,,,,,,,,,,,,,,
//LOADEND LOAD START~LOAD END TIME,,,,,,,,,,,,,,,,,,,,
//PLAYSTART LOAD END~PLAY START TIME,,,,,,,,,,,,,,,,,,,,
,,,,,,,,,,,,,,,,,,,,
#LOADSTART,0,,,,,,,,,,,,,,,,,,,
#LOADEND,0,,,,,,,,,,,,,,,,,,,
#PLAYSTART,200,,,,,,,,,,,,,,,,,,,
,,,,,,,,,,,,,,,,,,,,
//[FADEOUT TIME],,,,,,,,,,,,,,,,,,,,
//IF FADEOUT TIME IS END, GO TO RESULT,,,,,,,,,,,,,,,,,,,
#FADEOUT,330,,,,,,,,,,,,,,,,,,,
,,,,,,,,,,,,,,,,,,,,
//[FAILED TIME],,,,,,,,,,,,,,,,,,,,
#CLOSE,3000,,,,,,,,,,,,,,,,,,,
,,,,,,,,,,,,,,,,,,,,
//[IMAGE DEFINE],,,,,,,,,,,,,,,,,,,,
//・EEEEEEEEEEEEEEEEEEEEEEEEEEEEEEEEEEEEEEEEEEE・EEEEEEEEEEEEEEEEEEEEEEEEEEEEEEEEEEEEEEEEEEE・EEEEEEEEEEEEEEEEEEEEEEEEEEEEEEEEEEEEEEEEEEE・EEEEEEEEEEEEEEEEEEEEEEEEEEEEEEEEEEEEEEEEEEE・EEEEEEEEEEEEEEEEEEEEEEEEEEEEEEEEEEEEEEEEEEE・EEEEEEEEEEEEEEEEEEEEEEEEEEEEEEEEEEEEEEEEEEE・EEEEEEEEEEEEEEEEEEEEEEEEEEEEEEEEEEEEEEEEEEE`,filename,,,,,,,,,,,,,,,,,,,
,,,,,,,,,,,,,,,,,,,,
#IMAGE,LR2files\Theme\Colorbleed\Play\sysalt.png,,,,,//0,,,,,,,,,,,,,,
#IMAGE,LR2files\Theme\Colorbleed\Play\extra.png,,,,,//1,,,,,,,,,,,,,,
//[FONT DEFINE],,,,,,,,,,,,,,,,,,,,
//,size,thick,type,name,,,,,,,,,,,,,,,,
#FONT,20,4,2,FONT,,,,,,,,,,,,,,,,
,,,,,,,,,,,,,,,,,,,,
,,,,,,,,,,,,,,,,,,,,
#LR2FONT,LR2files\Theme\Colorbleed\font\font.lr2font,,,,,//0,,,,,,,,,,,,,,
,,,,,,,,,,,,,,,,,,,,
,,,,,,,,,,,,,,,,,,,,
//TEMPLATE,,,,,,,,,,,,,,,,,,,,
//SRC・EEEEEEEEEEEEEEEEEEEEEEEEEEEEEEEEEEEEEEEEEEE・EEEEEEEEEEEEEEEEEEEEEEEEEEEEEEEEEEEEEEEEEEE・EEEEEEEEEEEEEEEEEEEEEEEEEEEEEEEEEEEEEEEEEEE`,(NULL),gr,x,y,w,h,div_x,div_y,cycle,timer,op1,op2,op3,,,,,,,
,,,,,,,,,,,,,,,,,,,,
//DST・EEEEEEEEEEEEEEEEEEEEEEEEEEEEEEEEEEEEEEEEEEE・EEEEEEEEEEEEEEEEEEEEEEEEEEEEEEEEEEEEEEEEEEE・EEEEEEEEEEEEEEEEEEEEEEEEEEEEEEEEEEEEEEEEEEE`,(NULL),time,x,y,w,h,acc,a,r,g,b,blend,filter,angle,center,loop,timer,op1,op2,op3
,,,,,,,,,,,,,,,,,,,,
,,,,,,,,,,,,,,,,,,,,
//[IMAGE BATCH],,,,,,,,,,,,,,,,,,,,
,,,,,,,,,,,,,,,,,,,,
////////////////////////////////,,,,,,,,,,,,,,,,,,,,
//BGA,,,,,,,,,,,,,,,,,,,,
//SRC,,,,,,,,,,,,,,,,,,,,
//nobase,nolayer,nopoor 1・EEEEEEEEEEEEEEEEEEEEEEEEEEEEEEEEEEEEEEEEEEEﾉ・EEEEEEEEEEEEEEEEEEEEEEEEEEEEEEEEEEEEEEEEEEEｷ・EEEEEEEEEEEEEEEEEEEEEEEEEEEEEEEEEEEEEEEEEEE・EEEEEEEEEEEEEEEEEEEEEEEEEEEEEEEEEEEEEEEEEEE・EEEEEEEEEEEEEEEEEEEEEEEEEEEEEEEEEEEEEEEEEEEﾆ・EEEEEEEEEEEEEEEEEEEEEEEEEEEEEEEEEEEEEEEEEEEｻ・EEEEEEEEEEEEEEEEEEEEEEEEEEEEEEEEEEEEEEEEEEEﾌ・EEEEEEEEEEEEEEEEEEEEEEEEEEEEEEEEEEEEEEEEEEEK・EEEEEEEEEEEEEEEEEEEEEEEEEEEEEEEEEEEEEEEEEEEw・EEEEEEEEEEEEEEEEEEEEEEEEEEEEEEEEEEEEEEEEEEEﾌBGA・EEEEEEEEEEEEEEEEEEEEEEEEEEEEEEEEEEEEEEEEEEEﾍ・EEEEEEEEEEEEEEEEEEEEEEEEEEEEEEEEEEEEEEEEEEE\・EEEEEEEEEEEEEEEEEEEEEEEEEEEEEEEEEEEEEEEEEEEｦ・EEEEEEEEEEEEEEEEEEEEEEEEEEEEEEEEEEEEEEEEEEEｳ・EEEEEEEEEEEEEEEEEEEEEEEEEEEEEEEEEEEEEEEEEEE・EEEEEEEEEEEEEEEEEEEEEEEEEEEEEEEEEEEEEEEEEEE・EEEEEEEEEEEEEEEEEEEEEEEEEEEEEEEEEEEEEEEEEEEﾜ・EEEEEEEEEEEEEEEEEEEEEEEEEEEEEEEEEEEEEEEEEEEｹ・EEEEEEEEEEEEEEEEEEEEEEEEEEEEEEEEEEEEEEEEEEE・EEEEEEEEEEEEEEEEEEEEEEEEEEEEEEEEEEEEEEEEEEE・EEEEEEEEEEEEEEEEEEEEEEEEEEEEEEEEEEEEEEEEEEEB,,,,,,,,,,,,,,,,,,
,,,,,,,,,,,,,,,,,,,,
//EXTEND(UNAVAILABLE),,,,,,,,,,,,,,,,,,,,
//SRC・EEEEEEEEEEEEEEEEEEEEEEEEEEEEEEEEEEEEEEEEEEE・EEEEEEEEEEEEEEEEEEEEEEEEEEEEEEEEEEEEEEEEEEE・EEEEEEEEEEEEEEEEEEEEEEEEEEEEEEEEEEEEEEEEEEE`,(NULL),(NULL),(NULL),(NULL),(NULL),(NULL),(NULL),(NULL),(NULL),(NULL),nobase,nolayer,nopoor,,,,,,,
#SRC_BGA,0,0,0,0,0,0,0,0,0,0,0,0,0,,,,,,,
//DST・EEEEEEEEEEEEEEEEEEEEEEEEEEEEEEEEEEEEEEEEEEE・EEEEEEEEEEEEEEEEEEEEEEEEEEEEEEEEEEEEEEEEEEE・EEEEEEEEEEEEEEEEEEEEEEEEEEEEEEEEEEEEEEEEEEE`,(NULL),time,x,y,w,h,acc,a,r,g,b,blend,filter,angle,center,loop,timer,op1,op2,op3
#DST_BGA,0,0,380,28,256,256,0,255,255,255,255,1,0,0,0,0,0,31,41,0
,,,,,,,,,,,,,,,,,,,,
//NORMAL,,,,,,,,,,,,,,,,,,,,
//SRC・EEEEEEEEEEEEEEEEEEEEEEEEEEEEEEEEEEEEEEEEEEE・EEEEEEEEEEEEEEEEEEEEEEEEEEEEEEEEEEEEEEEEEEE・EEEEEEEEEEEEEEEEEEEEEEEEEEEEEEEEEEEEEEEEEEE`,(NULL),(NULL),(NULL),(NULL),(NULL),(NULL),(NULL),(NULL),(NULL),(NULL),nobase,nolayer,nopoor,,,,,,,
#SRC_BGA,0,0,0,0,0,0,0,0,0,0,0,0,0,,,,,,,
//DST・EEEEEEEEEEEEEEEEEEEEEEEEEEEEEEEEEEEEEEEEEEE・EEEEEEEEEEEEEEEEEEEEEEEEEEEEEEEEEEEEEEEEEEE・EEEEEEEEEEEEEEEEEEEEEEEEEEEEEEEEEEEEEEEEEEE`,(NULL),time,x,y,w,h,acc,a,r,g,b,blend,filter,angle,center,loop,timer,op1,op2,op3
#DST_BGA,0,0,0,0,1280,720,0,255,255,255,255,1,0,0,0,0,0,30,41,0
,,,,,,,,,,,,,,,,,,,,
//BACKBMP・EEEEEEEEEEEEEEEEEEEEEEEEEEEEEEEEEEEEEEEEE・EEEEEEEEEEEEEEEEEEEEEEEEEEEEEEEEEEEEEEEEE・EEEEEEEEEEEEEEEEEEEEEEEEEEEEEEEEEEEEEEEEE[・EEEEEEEEEEEEEEEEEEEEEEEEEEEEEEEEEEEEEEEEEh・EEEEEEEEEEEEEEEEEEEEEEEEEEEEEEEEEEEEEEEEE・EEEEEEEEEEEEEEEEEEEEEEEEEEEEEEEEEEEEEEEEE,,,,,,,,,,,,,,,,,,,,
//SRC・EEEEEEEEEEEEEEEEEEEEEEEEEEEEEEEEEEEEEEEEE・EEEEEEEEEEEEEEEEEEEEEEEEEEEEEEEEEEEEEEEEE・EEEEEEEEEEEEEEEEEEEEEEEEEEEEEEEEEEEEEEEEE`,(NULL),gr,x,y,w,h,div_x,div_y,cycle,timer,op1,op2,op3,,,,,,,
#SRC_IMAGE,0,101,0,0,-1,-1,1,1,0,0,0,0,0,,,,,,,
//DST・EEEEEEEEEEEEEEEEEEEEEEEEEEEEEEEEEEEEEEEEE・EEEEEEEEEEEEEEEEEEEEEEEEEEEEEEEEEEEEEEEEE・EEEEEEEEEEEEEEEEEEEEEEEEEEEEEEEEEEEEEEEEE`,(NULL),time,x,y,w,h,acc,a,r,g,b,blend,filter,angle,center,loop,timer,op1,op2,op3
#DST_IMAGE,0,0,400,100,512,512,0,0,0,0,0,1,0,0,0,480,0,80,195,0
#DST_IMAGE,0,480,400,100,512,512,0,255,255,255,255,1,0,0,0,0,0,80,195,0
,,,,,,,,,,,,,,,,,,,,
//BACKBMP・EEEEEEEEEEEEEEEEEEEEEEEEEEEEEEEEEEEEEEEEE・EEEEEEEEEEEEEEEEEEEEEEEEEEEEEEEEEEEEEEEEE・EEEEEEEEEEEEEEEEEEEEEEEEEEEEEEEEEEEEEEEEE[・EEEEEEEEEEEEEEEEEEEEEEEEEEEEEEEEEEEEEEEEEh・EEEEEEEEEEEEEEEEEEEEEEEEEEEEEEEEEEEEEEEEEｮ・EEEEEEEEEEEEEEEEEEEEEEEEEEEEEEEEEEEEEEEEEｹ,,,,,,,,,,,,,,,,,,,,
//SRC・EEEEEEEEEEEEEEEEEEEEEEEEEEEEEEEEEEEEEEEEE・EEEEEEEEEEEEEEEEEEEEEEEEEEEEEEEEEEEEEEEEE・EEEEEEEEEEEEEEEEEEEEEEEEEEEEEEEEEEEEEEEEE`,(NULL),gr,x,y,w,h,div_x,div_y,cycle,timer,op1,op2,op3,,,,,,,
#SRC_IMAGE,0,101,0,0,-1,-1,1,1,0,0,0,0,0,,,,,,,
//DST・EEEEEEEEEEEEEEEEEEEEEEEEEEEEEEEEEEEEEEEEE・EEEEEEEEEEEEEEEEEEEEEEEEEEEEEEEEEEEEEEEEE・EEEEEEEEEEEEEEEEEEEEEEEEEEEEEEEEEEEEEEEEE`,(NULL),time,x,y,w,h,acc,a,r,g,b,blend,filter,angle,center,loop,timer,op1,op2,op3
#DST_IMAGE,0,0,400,100,512,512,0,255,255,255,255,1,0,0,0,-1,40,81,195,0
#DST_IMAGE,0,300,400,100,512,512,0,0,0,0,0,1,0,0,0,,,,,
,,,,,,,,,,,,,,,,,,,,
////////////////////////////////,,,,,,,,,,,,,,,,,,,,
//SONG PROCESS,,,,,,,,,,,,,,,,,,,,
//PROCESS BAR,,,,,,,,,,,,,,,,,,,,
//SRC・EEEEEEEEEEEEEEEEEEEEEEEEEEEEEEEEEEEEEEEEEEE・EEEEEEEEEEEEEEEEEEEEEEEEEEEEEEEEEEEEEEEEEEE・EEEEEEEEEEEEEEEEEEEEEEEEEEEEEEEEEEEEEEEEEEE`,(NULL),gr,x,y,w,h,div_x,div_y,cycle,timer,op1,op2,op3,,,,,,,
#SRC_IMAGE,0,0,795,1,1,1,1,1,0,0,0,0,0,,,,,,,
//DST・EEEEEEEEEEEEEEEEEEEEEEEEEEEEEEEEEEEEEEEEEEE・EEEEEEEEEEEEEEEEEEEEEEEEEEEEEEEEEEEEEEEEEEE・EEEEEEEEEEEEEEEEEEEEEEEEEEEEEEEEEEEEEEEEEEE`,(NULL),time,x,y,w,h,acc,a,r,g,b,blend,filter,angle,center,loop,timer,op1,op2,op3
#DST_IMAGE,0,0,0,0,1280,20,0,255,255,255,255,1,0,0,0,0,0,0,0,0
,,,,,,,,,,,,,,,,,,,,
//using PROCESS SLIDER,,,,,,,,,,,,,,,,,,,,
//SRC・EEEEEEEEEEEEEEEEEEEEEEEEEEEEEEEEEEEEEEEEEEE・EEEEEEEEEEEEEEEEEEEEEEEEEEEEEEEEEEEEEEEEEEE・EEEEEEEEEEEEEEEEEEEEEEEEEEEEEEEEEEEEEEEEEEE`,(null),gr,x,y,w,h,div_x,div_y,cycle,timer,muki,range,type,disable,,,,,,
#SRC_SLIDER,0,0,796,1,1,1,1,1,0,0,1,1246,6,1,,,,,,
//DST・EEEEEEEEEEEEEEEEEEEEEEEEEEEEEEEEEEEEEEEEEEE・EEEEEEEEEEEEEEEEEEEEEEEEEEEEEEEEEEEEEEEEEEE・EEEEEEEEEEEEEEEEEEEEEEEEEEEEEEEEEEEEEEEEEEE`,(null),time,x,y,w,h,acc,a,r,g,b,blend,filter,angle,center,loop,timer,op1,op2,op3
#DST_SLIDER,0,0,2,1,30,18,0,255,255,255,255,1,0,0,0,0,0,0,0,0
,,,,,,,,,,,,,,,,,,,,
,,,,,,,,,,,,,,,,,,,,
////////////////////////////////,,,,,,,,,,,,,,,,,,,,
//SRC・EEEEEEEEEEEEEEEEEEEEEEEEEEEEEEEEEEEEEEEEEEE・EEEEEEEEEEEEEEEEEEEEEEEEEEEEEEEEEEEEEEEEEEE・EEEEEEEEEEEEEEEEEEEEEEEEEEEEEEEEEEEEEEEEEEE`,(NULL),gr,x,y,w,h,div_x,div_y,cycle,timer,op1,op2,op3,,,,,,,
#SRC_LINE,0,0,800,4,1,1,1,1,0,0,0,0,0,,,,,,,
//DST・EEEEEEEEEEEEEEEEEEEEEEEEEEEEEEEEEEEEEEEEEEE・EEEEEEEEEEEEEEEEEEEEEEEEEEEEEEEEEEEEEEEEEEE・EEEEEEEEEEEEEEEEEEEEEEEEEEEEEEEEEEEEEEEEEEE`,(NULL),time,x,y,w,h,acc,a,r,g,b,blend,filter,angle,center,loop,timer,op1,op2,op3
#DST_LINE,0,0,0,0,0,0,0,0,255,255,255,1,0,0,0,0,0,0,0,0
//SRC・EEEEEEEEEEEEEEEEEEEEEEEEEEEEEEEEEEEEEEEEEEE・EEEEEEEEEEEEEEEEEEEEEEEEEEEEEEEEEEEEEEEEEEE・EEEEEEEEEEEEEEEEEEEEEEEEEEEEEEEEEEEEEEEEEEE`,(NULL),gr,x,y,w,h,div_x,div_y,cycle,timer,op1,op2,op3,,,,,,,
#SRC_IMAGE,0,0,1,0,1,1,1,1,0,0,0,0,0,,,,,,,
//DST・EEEEEEEEEEEEEEEEEEEEEEEEEEEEEEEEEEEEEEEEEEE・EEEEEEEEEEEEEEEEEEEEEEEEEEEEEEEEEEEEEEEEEEE・EEEEEEEEEEEEEEEEEEEEEEEEEEEEEEEEEEEEEEEEEEE`,(NULL),time,x,y,w,h,acc,a,r,g,b,blend,filter,angle,center,loop,timer,op1,op2,op3
#DST_IMAGE,0,0,0,20,1280,200,0,0,255,255,255,1,0,0,0,500,0,0,0,0
#DST_IMAGE,0,500,0,20,1280,200,0,180,64,64,64,1,0,0,0,,,,,
,,,,,,,,,,,,,,,,,,,,
//TITLE,,,,,,,,,,,,,,,,,,,,
//SRC,(NULL),font,st,align,edit,,,,,,,,,,,,,,,
#SRC_TEXT,0,0,12,0,0,,,,,,,,,,,,,,,
//DST,(NULL),time,x,y,w,size,acc,a,r,g,b,blend,filter,(NULL),(NULL),loop,timer,(NULL),(NULL),(NULL)
#DST_TEXT,0,0,2,10,960,52,0,0,0,0,0,1,1,0,0,500,0,0,0,0
#DST_TEXT,0,500,2,10,960,52,0,255,255,255,255,1,1,0,0,,,,,
//ARTIST,,,,,,,,,,,,,,,,,,,,
//SRC,(NULL),font,st,align,edit,,,,,,,,,,,,,,,
#SRC_TEXT,0,0,14,0,0,,,,,,,,,,,,,,,
//DST,(NULL),time,x,y,w,size,acc,a,r,g,b,blend,filter,(NULL),(NULL),loop,timer,(NULL),(NULL),(NULL)
,,,,,,,,,,,,,,,,,,,,
#DST_TEXT,0,0,2,45,960,32,0,0,0,0,0,1,1,0,0,500,0,0,0,0
#DST_TEXT,0,500,2,45,960,32,0,255,255,255,255,1,1,0,0,,,,,
,,,,,,,,,,,,,,,,,,,,
//BPM,,,,,,,,,,,,,,,,,,,,
//SRC・EEEEEEEEEEEEEEEEEEEEEEEEEEEEEEEEEEEEEEEEEEE・EEEEEEEEEEEEEEEEEEEEEEEEEEEEEEEEEEEEEEEEEEE・EEEEEEEEEEEEEEEEEEEEEEEEEEEEEEEEEEEEEEEEEEE`,(NULL),gr,x,y,w,h,div_x,div_y,cycle,timer,op1,op2,op3,,,,,,,
#SRC_IMAGE,0,0,967,2,82,29,1,1,0,0,0,0,0,,,,,,,
//DST・EEEEEEEEEEEEEEEEEEEEEEEEEEEEEEEEEEEEEEEEEEE・EEEEEEEEEEEEEEEEEEEEEEEEEEEEEEEEEEEEEEEEEEE・EEEEEEEEEEEEEEEEEEEEEEEEEEEEEEEEEEEEEEEEEEE`,(NULL),time,x,y,w,h,acc,a,r,g,b,blend,filter,angle,center,loop,timer,op1,op2,op3
#DST_IMAGE,0,0,906,25,25,9,0,255,255,255,255,1,0,0,0,700,0,0,0,0
,,,,,,,,,,,,,,,,,,,,
//BPM 160,,,,,,,,,,,,,,,,,,,,
//SRC・EEEEEEEEEEEEEEEEEEEEEEEEEEEEEEEEEEEEEEEEEEE・EEEEEEEEEEEEEEEEEEEEEEEEEEEEEEEEEEEEEEEEEEE・EEEEEEEEEEEEEEEEEEEEEEEEEEEEEEEEEEEEEEEEEEE`,(null),gr,x,y,w,h,div_x,div_y,cycle,timer,num,align,keta,,,,,,,
#SRC_NUMBER,0,0,0,1539,258,27,10,1,0,0,160,1,4,,,,,,,
//DST・EEEEEEEEEEEEEEEEEEEEEEEEEEEEEEEEEEEEEEEEEEE・EEEEEEEEEEEEEEEEEEEEEEEEEEEEEEEEEEEEEEEEEEE・EEEEEEEEEEEEEEEEEEEEEEEEEEEEEEEEEEEEEEEEEEE`,(NULL),time,x,y,w,h,acc,a,r,g,b,blend,filter,angle,center,loop,timer,,,
#DST_NUMBER,0,0,903,36,26,29,0,255,255,255,255,1,0,0,0,700,0,,,
//BPM MAX,,,,,,,,,,,,,,,,,,,,
//SRC・EEEEEEEEEEEEEEEEEEEEEEEEEEEEEEEEEEEEEEEEEEE・EEEEEEEEEEEEEEEEEEEEEEEEEEEEEEEEEEEEEEEEEEE・EEEEEEEEEEEEEEEEEEEEEEEEEEEEEEEEEEEEEEEEEEE`,(null),gr,x,y,w,h,div_x,div_y,cycle,timer,num,align,keta,,,,,,,
#SRC_NUMBER,0,0,0,1539,258,27,10,1,0,0,290,0,4,,,,,,,
//DST・EEEEEEEEEEEEEEEEEEEEEEEEEEEEEEEEEEEEEEEEEEE・EEEEEEEEEEEEEEEEEEEEEEEEEEEEEEEEEEEEEEEEEEE・EEEEEEEEEEEEEEEEEEEEEEEEEEEEEEEEEEEEEEEEEEE`,(NULL),time,x,y,w,h,acc,a,r,g,b,blend,filter,angle,center,loop,timer,op1,,
#DST_NUMBER,0,0,939,25,9,9,0,255,255,255,255,1,0,0,0,700,0,177,,
//BPM MIN,,,,,,,,,,,,,,,,,,,,
//SRC・EEEEEEEEEEEEEEEEEEEEEEEEEEEEEEEEEEEEEEEEEEE・EEEEEEEEEEEEEEEEEEEEEEEEEEEEEEEEEEEEEEEEEEE・EEEEEEEEEEEEEEEEEEEEEEEEEEEEEEEEEEEEEEEEEEE`,(null),gr,x,y,w,h,div_x,div_y,cycle,timer,num,align,keta,,,,,,,
#SRC_NUMBER,0,0,0,1539,258,27,10,1,0,0,291,0,4,,,,,,,
//DST・EEEEEEEEEEEEEEEEEEEEEEEEEEEEEEEEEEEEEEEEEEE・EEEEEEEEEEEEEEEEEEEEEEEEEEEEEEEEEEEEEEEEEEE・EEEEEEEEEEEEEEEEEEEEEEEEEEEEEEEEEEEEEEEEEEE`,(NULL),time,x,y,w,h,acc,a,r,g,b,blend,filter,angle,center,loop,timer,op1,,
#DST_NUMBER,0,0,939,66,9,9,0,255,255,255,255,1,0,0,0,700,0,177,,
,,,,,,,,,,,,,,,,,,,,
//TIME COLON,,,,,,,,,,,,,,,,,,,,
//SRC・EEEEEEEEEEEEEEEEEEEEEEEEEEEEEEEEEEEEEEEEEEE・EEEEEEEEEEEEEEEEEEEEEEEEEEEEEEEEEEEEEEEEEEE・EEEEEEEEEEEEEEEEEEEEEEEEEEEEEEEEEEEEEEEEEEE`,(NULL),gr,x,y,w,h,div_x,div_y,cycle,timer,op1,op2,op3,,,,,,,
#SRC_IMAGE,0,0,290,1498,8,26,1,1,0,0,0,0,0,,,,,,,
//DST・EEEEEEEEEEEEEEEEEEEEEEEEEEEEEEEEEEEEEEEEEEE・EEEEEEEEEEEEEEEEEEEEEEEEEEEEEEEEEEEEEEEEEEE・EEEEEEEEEEEEEEEEEEEEEEEEEEEEEEEEEEEEEEEEEEE`,(NULL),time,x,y,w,h,acc,a,r,g,b,blend,filter,angle,center,loop,timer,op1,op2,op3
#DST_IMAGE,0,0,1222,26,7,23,0,255,255,255,255,1,0,0,0,0,41,0,0,0
,,,,,,,,,,,,,,,,,,,,
//REMAINING MINUTES 163(RUNNING TIME 161),,,,,,,,,,,,,,,,,,,,
//SRC・EEEEEEEEEEEEEEEEEEEEEEEEEEEEEEEEEEEEEEEEEEE・EEEEEEEEEEEEEEEEEEEEEEEEEEEEEEEEEEEEEEEEEEE・EEEEEEEEEEEEEEEEEEEEEEEEEEEEEEEEEEEEEEEEEEE`,(null),gr,x,y,w,h,div_x,div_y,cycle,timer,num,align,keta,,,,,,,
#SRC_NUMBER,0,0,0,1539,258,27,10,1,0,0,163,1,3,,,,,,,
//DST・EEEEEEEEEEEEEEEEEEEEEEEEEEEEEEEEEEEEEEEEEEE・EEEEEEEEEEEEEEEEEEEEEEEEEEEEEEEEEEEEEEEEEEE・EEEEEEEEEEEEEEEEEEEEEEEEEEEEEEEEEEEEEEEEEEE`,(NULL),time,x,y,w,h,acc,a,r,g,b,blend,filter,angle,center,loop,timer,op1,op2,op3
#DST_NUMBER,6,0,1194,25,23,25,0,255,255,255,255,1,0,0,0,0,41,0,0,0
,,,,,,,,,,,,,,,,,,,,
//REMAINING SECONDS 164(RUNNING TIME 162),,,,,,,,,,,,,,,,,,,,
//SRC・EEEEEEEEEEEEEEEEEEEEEEEEEEEEEEEEEEEEEEEEEEE・EEEEEEEEEEEEEEEEEEEEEEEEEEEEEEEEEEEEEEEEEEE・EEEEEEEEEEEEEEEEEEEEEEEEEEEEEEEEEEEEEEEEEEE`,(null),gr,x,y,w,h,div_x,div_y,cycle,timer,num,align,keta,,,,,,,
#SRC_NUMBER,0,0,0,1539,258,27,10,1,0,0,164,0,2,,,,,,,
//DST・EEEEEEEEEEEEEEEEEEEEEEEEEEEEEEEEEEEEEEEEEEE・EEEEEEEEEEEEEEEEEEEEEEEEEEEEEEEEEEEEEEEEEEE・EEEEEEEEEEEEEEEEEEEEEEEEEEEEEEEEEEEEEEEEEEE`,(NULL),time,x,y,w,h,acc,a,r,g,b,blend,filter,angle,center,loop,timer,op1,op2,op3
#DST_NUMBER,6,0,1230,25,23,25,0,255,255,255,255,1,0,0,0,0,41,0,0,0
//FPS LABEL,,,,,,,,,,,,,,,,,,,,
//SRC・EEEEEEEEEEEEEEEEEEEEEEEEEEEEEEEEEEEEEEEEEEE・EEEEEEEEEEEEEEEEEEEEEEEEEEEEEEEEEEEEEEEEEEE・EEEEEEEEEEEEEEEEEEEEEEEEEEEEEEEEEEEEEEEEEEE`,(NULL),gr,x,y,w,h,div_x,div_y,cycle,timer,op1,op2,op3,,,,,,,
#SRC_IMAGE,0,0,813,2,76,29,1,1,0,0,0,0,0,,,,,,,
//DST・EEEEEEEEEEEEEEEEEEEEEEEEEEEEEEEEEEEEEEEEEEE・EEEEEEEEEEEEEEEEEEEEEEEEEEEEEEEEEEEEEEEEEEE・EEEEEEEEEEEEEEEEEEEEEEEEEEEEEEEEEEEEEEEEEEE`,(NULL),time,x,y,w,h,acc,a,r,g,b,blend,filter,angle,center,loop,timer,op1,op2,op3
#DST_IMAGE,0,0,12,685,22,9,0,255,255,255,255,1,0,0,0,0,0,0,0,0
//FPS,,,,,,,,,,,,,,,,,,,,
//SRC・EEEEEEEEEEEEEEEEEEEEEEEEEEEEEEEEEEEEEEEEEEE・EEEEEEEEEEEEEEEEEEEEEEEEEEEEEEEEEEEEEEEEEEE・EEEEEEEEEEEEEEEEEEEEEEEEEEEEEEEEEEEEEEEEEEE`,(null),gr,x,y,w,h,div_x,div_y,cycle,timer,num,align,keta,,,,,,,
#SRC_NUMBER,0,0,0,1539,258,27,10,1,0,0,20,0,3,,,,,,,
//DST・EEEEEEEEEEEEEEEEEEEEEEEEEEEEEEEEEEEEEEEEEEE・EEEEEEEEEEEEEEEEEEEEEEEEEEEEEEEEEEEEEEEEEEE・EEEEEEEEEEEEEEEEEEEEEEEEEEEEEEEEEEEEEEEEEEE`,(NULL),time,x,y,w,h,acc,a,r,g,b,blend,filter,angle,center,loop,timer,,,
#DST_NUMBER,0,0,3,696,13,17,0,255,255,255,255,1,0,0,0,0,0,,,
,,,,,,,,,,,,,,,,,,,,
////////////////////////////////,,,,,,,,,,,,,,,,,,,,
////////////////////////////////,,,,,,,,,,,,,,,,,,,,
//RANK,,,,,,,,,,,,,,,,,,,,
//AAA,,,,,,,,,,,,,,,,,,,,
//SRC・EEEEEEEEEEEEEEEEEEEEEEEEEEEEEEEEEEEEEEEEEEE・EEEEEEEEEEEEEEEEEEEEEEEEEEEEEEEEEEEEEEEEEEE・EEEEEEEEEEEEEEEEEEEEEEEEEEEEEEEEEEEEEEEEEEE`,(NULL),gr,x,y,w,h,div_x,div_y,cycle,timer,op1,op2,op3,,,,,,,
#SRC_IMAGE,0,0,14,742,202,68,1,1,100,0,0,0,0,,,,,,,
//DST・EEEEEEEEEEEEEEEEEEEEEEEEEEEEEEEEEEEEEEEEEEE・EEEEEEEEEEEEEEEEEEEEEEEEEEEEEEEEEEEEEEEEEEE・EEEEEEEEEEEEEEEEEEEEEEEEEEEEEEEEEEEEEEEEEEE`,(NULL),time,x,y,w,h,acc,a,r,g,b,blend,filter,angle,center,loop,timer,op1,op2,op3
#DST_IMAGE,0,0,50,95,202,68,0,255,255,255,255,1,0,0,0,2000,41,110,0,0
,,,,,,,,,,,,,,,,,,,,
//AA,,,,,,,,,,,,,,,,,,,,
//SRC・EEEEEEEEEEEEEEEEEEEEEEEEEEEEEEEEEEEEEEEEEEE・EEEEEEEEEEEEEEEEEEEEEEEEEEEEEEEEEEEEEEEEEEE・EEEEEEEEEEEEEEEEEEEEEEEEEEEEEEEEEEEEEEEEEEE`,(NULL),gr,x,y,w,h,div_x,div_y,cycle,timer,op1,op2,op3,,,,,,,
#SRC_IMAGE,0,0,13,829,132,67,1,1,0,0,0,0,0,,,,,,,
//DST・EEEEEEEEEEEEEEEEEEEEEEEEEEEEEEEEEEEEEEEEEEE・EEEEEEEEEEEEEEEEEEEEEEEEEEEEEEEEEEEEEEEEEEE・EEEEEEEEEEEEEEEEEEEEEEEEEEEEEEEEEEEEEEEEEEE`,(NULL),time,x,y,w,h,acc,a,r,g,b,blend,filter,angle,center,loop,timer,op1,op2,op3
#DST_IMAGE,0,0,87,95,132,67,0,255,255,255,255,1,0,0,0,2000,41,111,0,0
,,,,,,,,,,,,,,,,,,,,
//A,,,,,,,,,,,,,,,,,,,,
//SRC・EEEEEEEEEEEEEEEEEEEEEEEEEEEEEEEEEEEEEEEEEEE・EEEEEEEEEEEEEEEEEEEEEEEEEEEEEEEEEEEEEEEEEEE・EEEEEEEEEEEEEEEEEEEEEEEEEEEEEEEEEEEEEEEEEEE`,(NULL),gr,x,y,w,h,div_x,div_y,cycle,timer,op1,op2,op3,,,,,,,
#SRC_IMAGE,0,0,156,829,62,68,1,1,0,0,0,0,0,,,,,,,
//DST・EEEEEEEEEEEEEEEEEEEEEEEEEEEEEEEEEEEEEEEEEEE・EEEEEEEEEEEEEEEEEEEEEEEEEEEEEEEEEEEEEEEEEEE・EEEEEEEEEEEEEEEEEEEEEEEEEEEEEEEEEEEEEEEEEEE`,(NULL),time,x,y,w,h,acc,a,r,g,b,blend,filter,angle,center,loop,timer,op1,op2,op3
#DST_IMAGE,0,0,122,95,62,67,0,255,255,255,255,1,0,0,0,2000,41,112,0,0
,,,,,,,,,,,,,,,,,,,,
//B,,,,,,,,,,,,,,,,,,,,
//SRC・EEEEEEEEEEEEEEEEEEEEEEEEEEEEEEEEEEEEEEEEEEE・EEEEEEEEEEEEEEEEEEEEEEEEEEEEEEEEEEEEEEEEEEE・EEEEEEEEEEEEEEEEEEEEEEEEEEEEEEEEEEEEEEEEEEE`,(NULL),gr,x,y,w,h,div_x,div_y,cycle,timer,op1,op2,op3,,,,,,,
#SRC_IMAGE,0,0,20,911,50,68,1,1,0,0,0,0,0,,,,,,,
//DST・EEEEEEEEEEEEEEEEEEEEEEEEEEEEEEEEEEEEEEEEEEE・EEEEEEEEEEEEEEEEEEEEEEEEEEEEEEEEEEEEEEEEEEE・EEEEEEEEEEEEEEEEEEEEEEEEEEEEEEEEEEEEEEEEEEE`,(NULL),time,x,y,w,h,acc,a,r,g,b,blend,filter,angle,center,loop,timer,op1,op2,op3
#DST_IMAGE,0,0,135,95,50,67,0,255,255,255,255,1,0,0,0,2000,41,113,0,0
,,,,,,,,,,,,,,,,,,,,
//C,,,,,,,,,,,,,,,,,,,,
//SRC・EEEEEEEEEEEEEEEEEEEEEEEEEEEEEEEEEEEEEEEEEEE・EEEEEEEEEEEEEEEEEEEEEEEEEEEEEEEEEEEEEEEEEEE・EEEEEEEEEEEEEEEEEEEEEEEEEEEEEEEEEEEEEEEEEEE`,(NULL),gr,x,y,w,h,div_x,div_y,cycle,timer,op1,op2,op3,,,,,,,
#SRC_IMAGE,0,0,85,911,57,69,1,1,0,0,0,0,0,,,,,,,
//DST・EEEEEEEEEEEEEEEEEEEEEEEEEEEEEEEEEEEEEEEEEEE・EEEEEEEEEEEEEEEEEEEEEEEEEEEEEEEEEEEEEEEEEEE・EEEEEEEEEEEEEEEEEEEEEEEEEEEEEEEEEEEEEEEEEEE`,(NULL),time,x,y,w,h,acc,a,r,g,b,blend,filter,angle,center,loop,timer,op1,op2,op3
#DST_IMAGE,0,0,126,95,57,67,0,255,255,255,255,1,0,0,0,2000,41,114,0,0
,,,,,,,,,,,,,,,,,,,,
//D,,,,,,,,,,,,,,,,,,,,
//SRC・EEEEEEEEEEEEEEEEEEEEEEEEEEEEEEEEEEEEEEEEEEE・EEEEEEEEEEEEEEEEEEEEEEEEEEEEEEEEEEEEEEEEEEE・EEEEEEEEEEEEEEEEEEEEEEEEEEEEEEEEEEEEEEEEEEE`,(NULL),gr,x,y,w,h,div_x,div_y,cycle,timer,op1,op2,op3,,,,,,,
#SRC_IMAGE,0,0,164,913,54,67,1,1,0,0,0,0,0,,,,,,,
//DST・EEEEEEEEEEEEEEEEEEEEEEEEEEEEEEEEEEEEEEEEEEE・EEEEEEEEEEEEEEEEEEEEEEEEEEEEEEEEEEEEEEEEEEE・EEEEEEEEEEEEEEEEEEEEEEEEEEEEEEEEEEEEEEEEEEE`,(NULL),time,x,y,w,h,acc,a,r,g,b,blend,filter,angle,center,loop,timer,op1,op2,op3
#DST_IMAGE,0,0,131,95,54,67,0,255,255,255,255,1,0,0,0,2000,41,115,0,0
,,,,,,,,,,,,,,,,,,,,
//E,,,,,,,,,,,,,,,,,,,,
//SRC・EEEEEEEEEEEEEEEEEEEEEEEEEEEEEEEEEEEEEEEEEEE・EEEEEEEEEEEEEEEEEEEEEEEEEEEEEEEEEEEEEEEEEEE・EEEEEEEEEEEEEEEEEEEEEEEEEEEEEEEEEEEEEEEEEEE`,(NULL),gr,x,y,w,h,div_x,div_y,cycle,timer,op1,op2,op3,,,,,,,
#SRC_IMAGE,0,0,21,1005,46,67,1,1,0,0,0,0,0,,,,,,,
//DST・EEEEEEEEEEEEEEEEEEEEEEEEEEEEEEEEEEEEEEEEEEE・EEEEEEEEEEEEEEEEEEEEEEEEEEEEEEEEEEEEEEEEEEE・EEEEEEEEEEEEEEEEEEEEEEEEEEEEEEEEEEEEEEEEEEE`,(NULL),time,x,y,w,h,acc,a,r,g,b,blend,filter,angle,center,loop,timer,op1,op2,op3
#DST_IMAGE,0,0,134,95,46,67,0,255,255,255,255,1,0,0,0,2000,41,116,0,0
,,,,,,,,,,,,,,,,,,,,
//F,,,,,,,,,,,,,,,,,,,,
//SRC・EEEEEEEEEEEEEEEEEEEEEEEEEEEEEEEEEEEEEEEEEEE・EEEEEEEEEEEEEEEEEEEEEEEEEEEEEEEEEEEEEEEEEEE・EEEEEEEEEEEEEEEEEEEEEEEEEEEEEEEEEEEEEEEEEEE`,(NULL),gr,x,y,w,h,div_x,div_y,cycle,timer,op1,op2,op3,,,,,,,
#SRC_IMAGE,0,0,98,1005,43,68,1,1,0,0,0,0,0,,,,,,,
//DST・EEEEEEEEEEEEEEEEEEEEEEEEEEEEEEEEEEEEEEEEEEE・EEEEEEEEEEEEEEEEEEEEEEEEEEEEEEEEEEEEEEEEEEE・EEEEEEEEEEEEEEEEEEEEEEEEEEEEEEEEEEEEEEEEEEE`,(NULL),time,x,y,w,h,acc,a,r,g,b,blend,filter,angle,center,loop,timer,op1,op2,op3
#DST_IMAGE,0,0,137,95,43,67,0,255,255,255,255,1,0,0,0,2000,41,117,0,0
,,,,,,,,,,,,,,,,,,,,
//SRC・EEEEEEEEEEEEEEEEEEEEEEEEEEEEEEEEEEE・EEEEEEEEEEEEEEEEEEEEEEEEEEEEEEEEEEE・EEEEEEEEEEEEEEEEEEEEEEEEEEEEEEEEEEE`,(NULL),gr,x,y,w,h,div_x,div_y,cycle,timer,op1,op2,op3,,,,,,,
#SRC_IMAGE,0,0,12,286,63,30,1,1,0,0,0,0,0,,,,,,,
//DST・EEEEEEEEEEEEEEEEEEEEEEEEEEEEEEEEEEE・EEEEEEEEEEEEEEEEEEEEEEEEEEEEEEEEEEE・EEEEEEEEEEEEEEEEEEEEEEEEEEEEEEEEEEE`,(NULL),time,x,y,w,h,acc,a,r,g,b,blend,filter,angle,center,loop,timer,op1,op2,op3
#DST_IMAGE,0,0,358,95,34,17,0,255,0,255,255,1,0,0,0,0,0,81,-100,0
,,,,,,,,,,,,,,,,,,,,
//SRC・EEEEEEEEEEEEEEEEEEEEEEEEEEEEEEEEEEE・EEEEEEEEEEEEEEEEEEEEEEEEEEEEEEEEEEE・EEEEEEEEEEEEEEEEEEEEEEEEEEEEEEEEEEE`,(NULL),gr,x,y,w,h,div_x,div_y,cycle,timer,op1,op2,op3,,,,,,,
#SRC_IMAGE,0,0,10,333,65,29,1,1,0,0,0,0,0,,,,,,,
//DST・EEEEEEEEEEEEEEEEEEEEEEEEEEEEEEEEEEE・EEEEEEEEEEEEEEEEEEEEEEEEEEEEEEEEEEE・EEEEEEEEEEEEEEEEEEEEEEEEEEEEEEEEEEE`,(NULL),time,x,y,w,h,acc,a,r,g,b,blend,filter,angle,center,loop,timer,op1,op2,op3
#DST_IMAGE,0,0,358,118,34,17,0,255,255,255,255,1,0,0,0,0,0,81,-100,0
,,,,,,,,,,,,,,,,,,,,
//SRC・EEEEEEEEEEEEEEEEEEEEEEEEEEEEEEEEEEE・EEEEEEEEEEEEEEEEEEEEEEEEEEEEEEEEEEE・EEEEEEEEEEEEEEEEEEEEEEEEEEEEEEEEEEE`,(NULL),gr,x,y,w,h,div_x,div_y,cycle,timer,op1,op2,op3,,,,,,,
#SRC_IMAGE,0,0,12,385,63,29,1,1,0,0,0,0,0,,,,,,,
//DST・EEEEEEEEEEEEEEEEEEEEEEEEEEEEEEEEEEE・EEEEEEEEEEEEEEEEEEEEEEEEEEEEEEEEEEE・EEEEEEEEEEEEEEEEEEEEEEEEEEEEEEEEEEE`,(NULL),time,x,y,w,h,acc,a,r,g,b,blend,filter,angle,center,loop,timer,op1,op2,op3
#DST_IMAGE,0,0,358,141,34,17,0,255,0,255,33,1,0,0,0,0,0,81,-100,0
,,,,,,,,,,,,,,,,,,,,
//SRC・EEEEEEEEEEEEEEEEEEEEEEEEEEEEEEEEEEE・EEEEEEEEEEEEEEEEEEEEEEEEEEEEEEEEEEE・EEEEEEEEEEEEEEEEEEEEEEEEEEEEEEEEEEE`,(NULL),gr,x,y,w,h,div_x,div_y,cycle,timer,op1,op2,op3,,,,,,,
#SRC_IMAGE,0,0,15,443,61,29,1,1,0,0,0,0,0,,,,,,,
//DST・EEEEEEEEEEEEEEEEEEEEEEEEEEEEEEEEEEE・EEEEEEEEEEEEEEEEEEEEEEEEEEEEEEEEEEE・EEEEEEEEEEEEEEEEEEEEEEEEEEEEEEEEEEE`,(NULL),time,x,y,w,h,acc,a,r,g,b,blend,filter,angle,center,loop,timer,op1,op2,op3
#DST_IMAGE,0,0,358,164,34,17,0,255,127,0,0,1,0,0,0,0,0,81,-100,0
,,,,,,,,,,,,,,,,,,,,
//SRC・EEEEEEEEEEEEEEEEEEEEEEEEEEEEEEEEEEE・EEEEEEEEEEEEEEEEEEEEEEEEEEEEEEEEEEE・EEEEEEEEEEEEEEEEEEEEEEEEEEEEEEEEEEE`,(NULL),gr,x,y,w,h,div_x,div_y,cycle,timer,op1,op2,op3,,,,,,,
#SRC_IMAGE,0,0,13,496,62,29,1,1,0,0,0,0,0,,,,,,,
//DST・EEEEEEEEEEEEEEEEEEEEEEEEEEEEEEEEEEE・EEEEEEEEEEEEEEEEEEEEEEEEEEEEEEEEEEE・EEEEEEEEEEEEEEEEEEEEEEEEEEEEEEEEEEE`,(NULL),time,x,y,w,h,acc,a,r,g,b,blend,filter,angle,center,loop,timer,op1,op2,op3
#DST_IMAGE,0,0,358,187,34,17,0,255,255,0,178,1,0,0,0,0,0,81,-100,0
//PERFECT 1P 110,,,,,,,,,,,,,,,,,,,,
#SRC_NUMBER,(null),gr,x,y,w,h,div_x,div_y,cycle,timer,num,align,keta,,,,,,,
#SRC_NUMBER,0,0,0,1539,258,27,10,1,0,0,80,1,5,,,,,,,
//DST・EEEEEEEEEEEEEEEEEEEEEEEEEEEEEEEEEEE・EEEEEEEEEEEEEEEEEEEEEEEEEEEEEEEEEEE・EEEEEEEEEEEEEEEEEEEEEEEEEEEEEEEEEEE`,(NULL),time,x,y,w,h,acc,a,r,g,b,blend,filter,angle,center,loop,timer,op1,op2,op3
#DST_NUMBER,0,0,404,95,14,16,0,255,255,255,255,1,0,0,0,0,41,81,-100,0
,,,,,,,,,,,,,,,,,,,,
//GREAT 1P 111,,,,,,,,,,,,,,,,,,,,
//SRC・EEEEEEEEEEEEEEEEEEEEEEEEEEEEEEEEEEE・EEEEEEEEEEEEEEEEEEEEEEEEEEEEEEEEEEE・EEEEEEEEEEEEEEEEEEEEEEEEEEEEEEEEEEE`,(null),gr,x,y,w,h,div_x,div_y,cycle,timer,num,align,keta,,,,,,,
#SRC_NUMBER,0,0,0,1539,258,27,10,1,0,0,81,1,5,,,,,,,
//DST・EEEEEEEEEEEEEEEEEEEEEEEEEEEEEEEEEEE・EEEEEEEEEEEEEEEEEEEEEEEEEEEEEEEEEEE・EEEEEEEEEEEEEEEEEEEEEEEEEEEEEEEEEEE`,(NULL),time,x,y,w,h,acc,a,r,g,b,blend,filter,angle,center,loop,timer,op1,op2,op3
#DST_NUMBER,0,0,404,118,14,16,0,255,255,255,255,1,0,0,0,0,41,81,-100,0
,,,,,,,,,,,,,,,,,,,,
//GOOD 1P 112,,,,,,,,,,,,,,,,,,,,
//SRC・EEEEEEEEEEEEEEEEEEEEEEEEEEEEEEEEEEE・EEEEEEEEEEEEEEEEEEEEEEEEEEEEEEEEEEE・EEEEEEEEEEEEEEEEEEEEEEEEEEEEEEEEEEE`,(null),gr,x,y,w,h,div_x,div_y,cycle,timer,num,align,keta,,,,,,,
#SRC_NUMBER,0,0,0,1539,258,27,10,1,0,0,82,1,5,,,,,,,
//DST・EEEEEEEEEEEEEEEEEEEEEEEEEEEEEEEEEEE・EEEEEEEEEEEEEEEEEEEEEEEEEEEEEEEEEEE・EEEEEEEEEEEEEEEEEEEEEEEEEEEEEEEEEEE`,(NULL),time,x,y,w,h,acc,a,r,g,b,blend,filter,angle,center,loop,timer,op1,op2,op3
#DST_NUMBER,0,0,404,141,14,16,0,255,255,255,255,1,0,0,0,0,41,81,-100,0
,,,,,,,,,,,,,,,,,,,,
//BAD 1P 113,,,,,,,,,,,,,,,,,,,,
//SRC・EEEEEEEEEEEEEEEEEEEEEEEEEEEEEEEEEEE・EEEEEEEEEEEEEEEEEEEEEEEEEEEEEEEEEEE・EEEEEEEEEEEEEEEEEEEEEEEEEEEEEEEEEEE`,(null),gr,x,y,w,h,div_x,div_y,cycle,timer,num,align,keta,,,,,,,
#SRC_NUMBER,0,0,0,1539,258,27,10,1,0,0,83,1,5,,,,,,,
//DST・EEEEEEEEEEEEEEEEEEEEEEEEEEEEEEEEEEE・EEEEEEEEEEEEEEEEEEEEEEEEEEEEEEEEEEE・EEEEEEEEEEEEEEEEEEEEEEEEEEEEEEEEEEE`,(NULL),time,x,y,w,h,acc,a,r,g,b,blend,filter,angle,center,loop,timer,op1,op2,op3
#DST_NUMBER,0,0,404,164,14,16,0,255,255,255,255,1,0,0,0,0,41,81,-100,0
,,,,,,,,,,,,,,,,,,,,
//POOR 1P 114,,,,,,,,,,,,,,,,,,,,
//SRC・EEEEEEEEEEEEEEEEEEEEEEEEEEEEEEEEEEE・EEEEEEEEEEEEEEEEEEEEEEEEEEEEEEEEEEE・EEEEEEEEEEEEEEEEEEEEEEEEEEEEEEEEEEE`,(null),gr,x,y,w,h,div_x,div_y,cycle,timer,num,align,keta,,,,,,,
#SRC_NUMBER,0,0,0,1539,258,27,10,1,0,0,84,1,5,,,,,,,
//DST・EEEEEEEEEEEEEEEEEEEEEEEEEEEEEEEEEEE・EEEEEEEEEEEEEEEEEEEEEEEEEEEEEEEEEEE・EEEEEEEEEEEEEEEEEEEEEEEEEEEEEEEEEEE`,(NULL),time,x,y,w,h,acc,a,r,g,b,blend,filter,angle,center,loop,timer,op1,op2,op3
#DST_NUMBER,0,0,404,187,14,16,0,255,255,255,255,1,0,0,0,0,41,81,-100,0
//RATE LABEL,,,,,,,,,,,,,,,,,,,,
//SRC・EEEEEEEEEEEEEEEEEEEEEEEEEEEEEEEEEEE・EEEEEEEEEEEEEEEEEEEEEEEEEEEEEEEEEEE・EEEEEEEEEEEEEEEEEEEEEEEEEEEEEEEEEEE`,(NULL),gr,x,y,w,h,div_x,div_y,cycle,timer,op1,op2,op3,,,,,,,
#SRC_IMAGE,0,0,812,112,90,29,1,1,0,0,0,0,0,,,,,,,
//DST・EEEEEEEEEEEEEEEEEEEEEEEEEEEEEEEEEEE・EEEEEEEEEEEEEEEEEEEEEEEEEEEEEEEEEEE・EEEEEEEEEEEEEEEEEEEEEEEEEEEEEEEEEEE`,(NULL),time,x,y,w,h,acc,a,r,g,b,blend,filter,angle,center,loop,timer,op1,op2,op3
#DST_IMAGE,0,0,565,153,25,9,0,255,255,255,255,1,0,0,0,0,41,0,-100,0
,,,,,,,,,,,,,,,,,,,,
,,,,,,,,,,,,,,,,,,,,
//RATE QUOTIENT 102,,,,,,,,,,,,,,,,,,,,
//SRC・EEEEEEEEEEEEEEEEEEEEEEEEEEEEEEEEEEE・EEEEEEEEEEEEEEEEEEEEEEEEEEEEEEEEEEE・EEEEEEEEEEEEEEEEEEEEEEEEEEEEEEEEEEE`,(null),gr,x,y,w,h,div_x,div_y,cycle,timer,num,align,keta,,,,,,,
#SRC_NUMBER,0,0,0,1539,258,27,10,1,0,0,73,0,3,,,,,,,
//DST・EEEEEEEEEEEEEEEEEEEEEEEEEEEEEEEEEEE・EEEEEEEEEEEEEEEEEEEEEEEEEEEEEEEEEEE・EEEEEEEEEEEEEEEEEEEEEEEEEEEEEEEEEEE`,(NULL),time,x,y,w,h,acc,a,r,g,b,blend,filter,angle,center,loop,timer,op1,op2,op3
#DST_NUMBER,0,0,490,165,34,38,0,255,255,255,255,1,0,0,0,0,41,-100,0,0
//SRC・EEEEEEEEEEEEEEEEEEEEEEEEEEEEEEEEEEE・EEEEEEEEEEEEEEEEEEEEEEEEEEEEEEEEEEE・EEEEEEEEEEEEEEEEEEEEEEEEEEEEEEEEEEE`,(NULL),gr,x,y,w,h,div_x,div_y,cycle,timer,op1,op2,op3,,,,,,,
#SRC_IMAGE,0,0,917,2,30,30,1,1,0,0,0,0,0,,,,,,,
//DST・EEEEEEEEEEEEEEEEEEEEEEEEEEEEEEEEEEE・EEEEEEEEEEEEEEEEEEEEEEEEEEEEEEEEEEE・EEEEEEEEEEEEEEEEEEEEEEEEEEEEEEEEEEE`,(NULL),time,x,y,w,h,acc,a,r,g,b,blend,filter,angle,center,loop,timer,op1,op2,op3
#DST_IMAGE,0,0,593,192,10,10,0,0,255,255,255,1,0,0,0,500,0,0,-100,0
#DST_IMAGE,0,500,593,192,10,10,0,255,255,255,255,1,0,0,0,,,,,
,,,,,,,,,,,,,,,,,,,,
//SCORE LABEL,,,,,,,,,,,,,,,,,,,,
//SRC・EEEEEEEEEEEEEEEEEEEEEEEEEEEEEEEEEEE・EEEEEEEEEEEEEEEEEEEEEEEEEEEEEEEEEEE・EEEEEEEEEEEEEEEEEEEEEEEEEEEEEEEEEEE`,(NULL),gr,x,y,w,h,div_x,div_y,cycle,timer,op1,op2,op3,,,,,,,
#SRC_IMAGE,0,0,811,36,105,29,1,1,0,0,0,0,0,,,,,,,
//DST・EEEEEEEEEEEEEEEEEEEEEEEEEEEEEEEEEEE・EEEEEEEEEEEEEEEEEEEEEEEEEEEEEEEEEEE・EEEEEEEEEEEEEEEEEEEEEEEEEEEEEEEEEEE`,(NULL),time,x,y,w,h,acc,a,r,g,b,blend,filter,angle,center,loop,timer,op1,op2,op3
#DST_IMAGE,0,0,493,95,52,14,0,255,255,255,255,1,0,0,0,0,41,-100,0,0
//SCORE,,,,,,,,,,,,,,,,,,,,
//SRC・EEEEEEEEEEEEEEEEEEEEEEEEEEEEEEEEEEE・EEEEEEEEEEEEEEEEEEEEEEEEEEEEEEEEEEE・EEEEEEEEEEEEEEEEEEEEEEEEEEEEEEEEEEE`,(null),gr,x,y,w,h,div_x,div_y,cycle,timer,num,align,keta,,,,,,,
#SRC_NUMBER,0,0,0,1539,258,27,10,1,0,0,71,1,5,,,,,,,
//DST・EEEEEEEEEEEEEEEEEEEEEEEEEEEEEEEEEEE・EEEEEEEEEEEEEEEEEEEEEEEEEEEEEEEEEEE・EEEEEEEEEEEEEEEEEEEEEEEEEEEEEEEEEEE`,(NULL),time,x,y,w,h,acc,a,r,g,b,blend,filter,angle,center,loop,timer,,,
#DST_NUMBER,0,0,490,112,18,20,0,255,0,255,255,1,0,0,0,0,41,-100,0,0
//SCORE,,,,,,,,,,,,,,,,,,,,
//SRC・EEEEEEEEEEEEEEEEEEEEEEEEEEEEEEEEEEE・EEEEEEEEEEEEEEEEEEEEEEEEEEEEEEEEEEE・EEEEEEEEEEEEEEEEEEEEEEEEEEEEEEEEEEE`,(null),gr,x,y,w,h,div_x,div_y,cycle,timer,num,align,keta,,,,,,,
#SRC_NUMBER,0,0,0,1539,258,27,10,1,0,0,70,1,6,,,,,,,
//DST・EEEEEEEEEEEEEEEEEEEEEEEEEEEEEEEEEEE・EEEEEEEEEEEEEEEEEEEEEEEEEEEEEEEEEEE・EEEEEEEEEEEEEEEEEEEEEEEEEEEEEEEEEEE`,(NULL),time,x,y,w,h,acc,a,r,g,b,blend,filter,angle,center,loop,timer,,,
#DST_NUMBER,0,0,492,135,12,13,0,255,0,255,33,1,0,0,0,0,41,-100,0,0
//COMBO LABEL,,,,,,,,,,,,,,,,,,,,
//SRC・EEEEEEEEEEEEEEEEEEEEEEEEEEEEEEEEEEE・EEEEEEEEEEEEEEEEEEEEEEEEEEEEEEEEEEE・EEEEEEEEEEEEEEEEEEEEEEEEEEEEEEEEEEE`,(NULL),gr,x,y,w,h,div_x,div_y,cycle,timer,op1,op2,op3,,,,,,,
#SRC_IMAGE,0,0,810,74,122,29,1,1,0,0,0,0,0,,,,,,,
//DST・EEEEEEEEEEEEEEEEEEEEEEEEEEEEEEEEEEE・EEEEEEEEEEEEEEEEEEEEEEEEEEEEEEEEEEE・EEEEEEEEEEEEEEEEEEEEEEEEEEEEEEEEEEE`,(NULL),time,x,y,w,h,acc,a,r,g,b,blend,filter,angle,center,loop,timer,op1,op2,op3
#DST_IMAGE,0,0,653,95,61,14,0,255,255,255,255,1,0,0,0,0,41,-100,0,0
//IR LABEL,,,,,,,,,,,,,,,,,,,,
//SRC・EEEEEEEEEEEEEEEEEEEEEEEEEEEEEEEEEEE・EEEEEEEEEEEEEEEEEEEEEEEEEEEEEEEEEEE・EEEEEEEEEEEEEEEEEEEEEEEEEEEEEEEEEEE`,(NULL),gr,x,y,w,h,div_x,div_y,cycle,timer,op1,op2,op3,,,,,,,
#SRC_IMAGE,0,0,810,74,122,29,1,1,0,0,0,0,0,,,,,,,
//DST・EEEEEEEEEEEEEEEEEEEEEEEEEEEEEEEEEEE・EEEEEEEEEEEEEEEEEEEEEEEEEEEEEEEEEEE・EEEEEEEEEEEEEEEEEEEEEEEEEEEEEEEEEEE`,(NULL),time,x,y,w,h,acc,a,r,g,b,blend,filter,angle,center,loop,timer,op1,op2,op3
#DST_IMAGE,0,0,130,663,32,9,0,255,255,255,255,1,0,0,0,0,41,-100,51,0
//IR DIVIDER,,,,,,,,,,,,,,,,,,,,
//SRC・EEEEEEEEEEEEEEEEEEEEEEEEEEEEEEEEEEE・EEEEEEEEEEEEEEEEEEEEEEEEEEEEEEEEEEE・EEEEEEEEEEEEEEEEEEEEEEEEEEEEEEEEEEE`,(NULL),gr,x,y,w,h,div_x,div_y,cycle,timer,op1,op2,op3,,,,,,,
#SRC_IMAGE,0,0,810,74,122,29,1,1,0,0,0,0,0,,,,,,,
//DST・EEEEEEEEEEEEEEEEEEEEEEEEEEEEEEEEEEE・EEEEEEEEEEEEEEEEEEEEEEEEEEEEEEEEEEE・EEEEEEEEEEEEEEEEEEEEEEEEEEEEEEEEEEE`,(NULL),time,x,y,w,h,acc,a,r,g,b,blend,filter,angle,center,loop,timer,op1,op2,op3
#DST_IMAGE,0,0,130,663,32,9,0,255,255,255,255,1,0,0,0,0,41,-100,51,0
//COMBO,,,,,,,,,,,,,,,,,,,,
//SRC・EEEEEEEEEEEEEEEEEEEEEEEEEEEEEEEEEEE・EEEEEEEEEEEEEEEEEEEEEEEEEEEEEEEEEEE・EEEEEEEEEEEEEEEEEEEEEEEEEEEEEEEEEEE`,(null),gr,x,y,w,h,div_x,div_y,cycle,timer,num,align,keta,,,,,,,
#SRC_NUMBER,0,0,0,1539,258,27,10,1,0,0,75,1,4,,,,,,,
//DST・EEEEEEEEEEEEEEEEEEEEEEEEEEEEEEEEEEE・EEEEEEEEEEEEEEEEEEEEEEEEEEEEEEEEEEE・EEEEEEEEEEEEEEEEEEEEEEEEEEEEEEEEEEE`,(NULL),time,x,y,w,h,acc,a,r,g,b,blend,filter,angle,center,loop,timer,,,
#DST_NUMBER,0,0,650,112,18,20,0,255,255,255,255,1,0,0,0,0,41,-100,0,0
//RANK,,,,,,,,,,,,,,,,,,,,
//SRC・EEEEEEEEEEEEEEEEEEEEEEEEEEEEEEEEEEE・EEEEEEEEEEEEEEEEEEEEEEEEEEEEEEEEEEE・EEEEEEEEEEEEEEEEEEEEEEEEEEEEEEEEEEE`,(null),gr,x,y,w,h,div_x,div_y,cycle,timer,num,align,keta,,,,,,,
#SRC_NUMBER,0,0,0,1539,258,27,10,1,0,0,92,1,4,,,,,,,
//DST・EEEEEEEEEEEEEEEEEEEEEEEEEEEEEEEEEEE・EEEEEEEEEEEEEEEEEEEEEEEEEEEEEEEEEEE・EEEEEEEEEEEEEEEEEEEEEEEEEEEEEEEEEEE`,(NULL),time,x,y,w,h,acc,a,r,g,b,blend,filter,angle,center,loop,timer,,,
#DST_NUMBER,0,0,128,676,13,14,0,255,255,255,255,1,0,0,0,0,41,-100,51,0
//TOTALPLAYER,,,,,,,,,,,,,,,,,,,,
//SRC・EEEEEEEEEEEEEEEEEEEEEEEEEEEEEEEEEEE・EEEEEEEEEEEEEEEEEEEEEEEEEEEEEEEEEEE・EEEEEEEEEEEEEEEEEEEEEEEEEEEEEEEEEEE`,(null),gr,x,y,w,h,div_x,div_y,cycle,timer,num,align,keta,,,,,,,
#SRC_NUMBER,0,0,0,1539,258,27,10,1,0,0,93,1,4,,,,,,,
//DST・EEEEEEEEEEEEEEEEEEEEEEEEEEEEEEEEEEE・EEEEEEEEEEEEEEEEEEEEEEEEEEEEEEEEEEE・EEEEEEEEEEEEEEEEEEEEEEEEEEEEEEEEEEE`,(NULL),time,x,y,w,h,acc,a,r,g,b,blend,filter,angle,center,loop,timer,,,
#DST_NUMBER,0,0,128,676,13,14,0,255,255,255,255,1,0,0,0,0,41,-100,51,0
//BEST PLAY LABEL,,,,,,,,,,,,,,,,,,,,
//SRC・EEEEEEEEEEEEEEEEEEEEEEEEEEEEEEEEEEE・EEEEEEEEEEEEEEEEEEEEEEEEEEEEEEEEEEE・EEEEEEEEEEEEEEEEEEEEEEEEEEEEEEEEEEE`,(NULL),gr,x,y,w,h,div_x,div_y,cycle,timer,op1,op2,op3,,,,,,,
#SRC_IMAGE,0,1,4,4,191,35,1,1,0,0,0,0,0,,,,,,,
//DST・EEEEEEEEEEEEEEEEEEEEEEEEEEEEEEEEEEE・EEEEEEEEEEEEEEEEEEEEEEEEEEEEEEEEEEE・EEEEEEEEEEEEEEEEEEEEEEEEEEEEEEEEEEE`,(NULL),time,x,y,w,h,acc,a,r,g,b,blend,filter,angle,center,loop,timer,op1,op2,op3
#DST_IMAGE,0,0,3,73,95,17,0,255,255,255,255,1,0,0,0,0,41,0,0,0
//AP,,,,,,,,,,,,,,,,,,,,
//SRC・EEEEEEEEEEEEEEEEEEEEEEEEEEEEEEEEEEE・EEEEEEEEEEEEEEEEEEEEEEEEEEEEEEEEEEE・EEEEEEEEEEEEEEEEEEEEEEEEEEEEEEEEEEE`,(NULL),gr,x,y,w,h,div_x,div_y,cycle,timer,op1,op2,op3,,,,,,,
#SRC_IMAGE,0,1,239,409,220,30,1,1,0,0,0,0,0,,,,,,,
//DST・EEEEEEEEEEEEEEEEEEEEEEEEEEEEEEEEEEE・EEEEEEEEEEEEEEEEEEEEEEEEEEEEEEEEEEE・EEEEEEEEEEEEEEEEEEEEEEEEEEEEEEEEEEE`,(NULL),time,x,y,w,h,acc,a,r,g,b,blend,filter,angle,center,loop,timer,op1,op2,op3
#DST_IMAGE,0,0,47,168,220,30,0,255,255,255,255,1,0,0,0,0,41,108,0,0
#DST_IMAGE,0,100,47,168,220,30,0,255,178,255,255,1,0,0,0,,,,,
#DST_IMAGE,0,200,47,168,220,30,0,255,255,255,255,1,0,0,0,,,,,
#DST_IMAGE,0,300,47,168,220,30,0,255,178,255,255,1,0,0,0,,,,,
#DST_IMAGE,0,400,47,168,220,30,0,255,255,255,255,1,0,0,0,,,,,
//GFC,,,,,,,,,,,,,,,,,,,,
//SRC・EEEEEEEEEEEEEEEEEEEEEEEEEEEEEEEEEEE・EEEEEEEEEEEEEEEEEEEEEEEEEEEEEEEEEEE・EEEEEEEEEEEEEEEEEEEEEEEEEEEEEEEEEEE`,(NULL),gr,x,y,w,h,div_x,div_y,cycle,timer,op1,op2,op3,,,,,,,
#SRC_IMAGE,0,1,239,354,220,30,1,1,0,0,0,0,0,,,,,,,
//DST・EEEEEEEEEEEEEEEEEEEEEEEEEEEEEEEEEEE・EEEEEEEEEEEEEEEEEEEEEEEEEEEEEEEEEEE・EEEEEEEEEEEEEEEEEEEEEEEEEEEEEEEEEEE`,(NULL),time,x,y,w,h,acc,a,r,g,b,blend,filter,angle,center,loop,timer,op1,op2,op3
#DST_IMAGE,0,0,47,168,220,30,0,255,255,104,104,1,0,0,0,0,41,107,0,0
#DST_IMAGE,0,100,47,168,220,30,0,255,25,255,167,1,0,0,0,,,,,
#DST_IMAGE,0,200,47,168,220,30,0,255,255,230,109,1,0,0,0,,,,,
#DST_IMAGE,0,300,47,168,220,30,0,255,255,112,235,1,0,0,0,,,,,
#DST_IMAGE,0,400,47,168,220,30,0,255,255,255,255,1,0,0,0,,,,,
//FC,,,,,,,,,,,,,,,,,,,,
//SRC・EEEEEEEEEEEEEEEEEEEEEEEEEEEEEEEEEEE・EEEEEEEEEEEEEEEEEEEEEEEEEEEEEEEEEEE・EEEEEEEEEEEEEEEEEEEEEEEEEEEEEEEEEEE`,(NULL),gr,x,y,w,h,div_x,div_y,cycle,timer,op1,op2,op3,,,,,,,
#SRC_IMAGE,0,1,251,11,207,29,1,1,0,0,0,0,0,,,,,,,
//DST・EEEEEEEEEEEEEEEEEEEEEEEEEEEEEEEEEEE・EEEEEEEEEEEEEEEEEEEEEEEEEEEEEEEEEEE・EEEEEEEEEEEEEEEEEEEEEEEEEEEEEEEEEEE`,(NULL),time,x,y,w,h,acc,a,r,g,b,blend,filter,angle,center,loop,timer,op1,op2,op3
#DST_IMAGE,0,0,53,168,207,29,0,255,255,104,104,1,0,0,0,0,41,148,0,0
#DST_IMAGE,0,100,53,168,207,29,0,255,25,255,167,1,0,0,0,,,,,
#DST_IMAGE,0,200,53,168,207,29,0,255,255,230,109,1,0,0,0,,,,,
#DST_IMAGE,0,300,53,168,207,29,0,255,255,112,235,1,0,0,0,,,,,
#DST_IMAGE,0,400,53,168,207,29,0,255,255,255,255,1,0,0,0,,,,,
//EXHC,,,,,,,,,,,,,,,,,,,,
//SRC・EEEEEEEEEEEEEEEEEEEEEEEEEEEEEEEEEEE・EEEEEEEEEEEEEEEEEEEEEEEEEEEEEEEEEEE・EEEEEEEEEEEEEEEEEEEEEEEEEEEEEEEEEEE`,(NULL),gr,x,y,w,h,div_x,div_y,cycle,timer,op1,op2,op3,,,,,,,
#SRC_IMAGE,0,1,239,303,220,29,1,1,0,0,0,0,0,,,,,,,
//DST・EEEEEEEEEEEEEEEEEEEEEEEEEEEEEEEEEEE・EEEEEEEEEEEEEEEEEEEEEEEEEEEEEEEEEEE・EEEEEEEEEEEEEEEEEEEEEEEEEEEEEEEEEEE`,(NULL),time,x,y,w,h,acc,a,r,g,b,blend,filter,angle,center,loop,timer,op1,op2,op3
#DST_IMAGE,0,0,47,168,220,29,0,255,255,134,53,1,0,0,0,0,41,106,0,0
//HC,,,,,,,,,,,,,,,,,,,,
//SRC・EEEEEEEEEEEEEEEEEEEEEEEEEEEEEEEEEEE・EEEEEEEEEEEEEEEEEEEEEEEEEEEEEEEEEEE・EEEEEEEEEEEEEEEEEEEEEEEEEEEEEEEEEEE`,(NULL),gr,x,y,w,h,div_x,div_y,cycle,timer,op1,op2,op3,,,,,,,
#SRC_IMAGE,0,1,251,58,207,29,1,1,0,0,0,0,0,,,,,,,
//DST・EEEEEEEEEEEEEEEEEEEEEEEEEEEEEEEEEEE・EEEEEEEEEEEEEEEEEEEEEEEEEEEEEEEEEEE・EEEEEEEEEEEEEEEEEEEEEEEEEEEEEEEEEEE`,(NULL),time,x,y,w,h,acc,a,r,g,b,blend,filter,angle,center,loop,timer,op1,op2,op3
#DST_IMAGE,0,0,53,168,207,29,0,255,255,0,0,1,0,0,0,0,41,147,0,0
//C,,,,,,,,,,,,,,,,,,,,
//SRC・EEEEEEEEEEEEEEEEEEEEEEEEEEEEEEEEEEE・EEEEEEEEEEEEEEEEEEEEEEEEEEEEEEEEEEE・EEEEEEEEEEEEEEEEEEEEEEEEEEEEEEEEEEE`,(NULL),gr,x,y,w,h,div_x,div_y,cycle,timer,op1,op2,op3,,,,,,,
#SRC_IMAGE,0,1,251,106,207,29,1,1,0,0,0,0,0,,,,,,,
//DST・EEEEEEEEEEEEEEEEEEEEEEEEEEEEEEEEEEE・EEEEEEEEEEEEEEEEEEEEEEEEEEEEEEEEEEE・EEEEEEEEEEEEEEEEEEEEEEEEEEEEEEEEEEE`,(NULL),time,x,y,w,h,acc,a,r,g,b,blend,filter,angle,center,loop,timer,op1,op2,op3
#DST_IMAGE,0,0,53,168,207,29,0,255,0,255,255,1,0,0,0,0,41,103,0,0
//EC,,,,,,,,,,,,,,,,,,,,
//SRC・EEEEEEEEEEEEEEEEEEEEEEEEEEEEEEEEEEE・EEEEEEEEEEEEEEEEEEEEEEEEEEEEEEEEEEE・EEEEEEEEEEEEEEEEEEEEEEEEEEEEEEEEEEE`,(NULL),gr,x,y,w,h,div_x,div_y,cycle,timer,op1,op2,op3,,,,,,,
#SRC_IMAGE,0,1,251,153,207,34,1,1,0,0,0,0,0,,,,,,,
//DST・EEEEEEEEEEEEEEEEEEEEEEEEEEEEEEEEEEE・EEEEEEEEEEEEEEEEEEEEEEEEEEEEEEEEEEE・EEEEEEEEEEEEEEEEEEEEEEEEEEEEEEEEEEE`,(NULL),time,x,y,w,h,acc,a,r,g,b,blend,filter,angle,center,loop,timer,op1,op2,op3
#DST_IMAGE,0,0,53,168,207,34,0,255,0,255,33,1,0,0,0,0,41,146,0,0
//AS-EC,,,,,,,,,,,,,,,,,,,,
//SRC・EEEEEEEEEEEEEEEEEEEEEEEEEEEEEEEEEEE・EEEEEEEEEEEEEEEEEEEEEEEEEEEEEEEEEEE・EEEEEEEEEEEEEEEEEEEEEEEEEEEEEEEEEEE`,(NULL),gr,x,y,w,h,div_x,div_y,cycle,timer,op1,op2,op3,,,,,,,
#SRC_IMAGE,0,1,237,459,220,35,1,1,0,0,0,0,0,,,,,,,
//DST・EEEEEEEEEEEEEEEEEEEEEEEEEEEEEEEEEEE・EEEEEEEEEEEEEEEEEEEEEEEEEEEEEEEEEEE・EEEEEEEEEEEEEEEEEEEEEEEEEEEEEEEEEEE`,(NULL),time,x,y,w,h,acc,a,r,g,b,blend,filter,angle,center,loop,timer,op1,op2,op3
#DST_IMAGE,0,0,45,168,220,35,0,255,207,104,255,1,0,0,0,0,41,109,0,0
//F,,,,,,,,,,,,,,,,,,,,
//SRC・EEEEEEEEEEEEEEEEEEEEEEEEEEEEEEEEEEE・EEEEEEEEEEEEEEEEEEEEEEEEEEEEEEEEEEE・EEEEEEEEEEEEEEEEEEEEEEEEEEEEEEEEEEE`,(NULL),gr,x,y,w,h,div_x,div_y,cycle,timer,op1,op2,op3,,,,,,,
#SRC_IMAGE,0,1,251,203,207,29,1,1,0,0,0,0,0,,,,,,,
//DST・EEEEEEEEEEEEEEEEEEEEEEEEEEEEEEEEEEE・EEEEEEEEEEEEEEEEEEEEEEEEEEEEEEEEEEE・EEEEEEEEEEEEEEEEEEEEEEEEEEEEEEEEEEE`,(NULL),time,x,y,w,h,acc,a,r,g,b,blend,filter,angle,center,loop,timer,op1,op2,op3
#DST_IMAGE,0,0,53,168,207,29,0,255,178,0,255,1,0,0,0,0,41,101,0,0
//NP,,,,,,,,,,,,,,,,,,,,
//SRC・EEEEEEEEEEEEEEEEEEEEEEEEEEEEEEEEEEE・EEEEEEEEEEEEEEEEEEEEEEEEEEEEEEEEEEE・EEEEEEEEEEEEEEEEEEEEEEEEEEEEEEEEEEE`,(NULL),gr,x,y,w,h,div_x,div_y,cycle,timer,op1,op2,op3,,,,,,,
#SRC_IMAGE,0,1,251,252,207,35,1,1,0,0,0,0,0,,,,,,,
//DST・EEEEEEEEEEEEEEEEEEEEEEEEEEEEEEEEEEE・EEEEEEEEEEEEEEEEEEEEEEEEEEEEEEEEEEE・EEEEEEEEEEEEEEEEEEEEEEEEEEEEEEEEEEE`,(NULL),time,x,y,w,h,acc,a,r,g,b,blend,filter,angle,center,loop,timer,op1,op2,op3
#DST_IMAGE,0,0,53,168,207,35,0,255,128,128,128,1,0,0,0,0,41,100,0,0
,,,,,,,,,,,,,,,,,,,,
////////////////////////////////,,,,,,,,,,,,,,,,,,,,
//LOAD PROCESS,,,,,,,,,,,,,,,,,,,,
//LOADNUM,,,,,,,,,,,,,,,,,,,,
//SRC・EEEEEEEEEEEEEEEEEEEEEEEEEEEEEEEEEEEEEEEEEEE・EEEEEEEEEEEEEEEEEEEEEEEEEEEEEEEEEEEEEEEEEEE・EEEEEEEEEEEEEEEEEEEEEEEEEEEEEEEEEEEEEEEEEEE`,(NULL),gr,x,y,w,h,div_x,div_y,cycle,timer,num,align,keta,,,,,,,
#SRC_NUMBER,0,0,0,1539,258,27,10,1,0,0,165,0,2,,,,,,,
//DST・EEEEEEEEEEEEEEEEEEEEEEEEEEEEEEEEEEEEEEEEEEE・EEEEEEEEEEEEEEEEEEEEEEEEEEEEEEEEEEEEEEEEEEE・EEEEEEEEEEEEEEEEEEEEEEEEEEEEEEEEEEEEEEEEEEE`,(NULL),time,x,y,w,h,acc,a,r,g,b,blend,filter,angle,center,loop,timer,op1,op2,op3
#DST_NUMBER,0,0,589,500,60,60,0,128,255,255,255,1,0,0,0,0,0,80,0,0
//NOWLOADING,,,,,,,,,,,,,,,,,,,,
//SRC・EEEEEEEEEEEEEEEEEEEEEEEEEEEEEEEEEEEEEEEEEEE・EEEEEEEEEEEEEEEEEEEEEEEEEEEEEEEEEEEEEEEEEEE・EEEEEEEEEEEEEEEEEEEEEEEEEEEEEEEEEEEEEEEEEEE`,(NULL),gr,x,y,w,h,div_x,div_y,cycle,timer,op1,op2,op3,,,,,,,
#SRC_IMAGE,0,0,1797,791,423,41,1,1,0,0,0,0,0,,,,,,,
//DST・EEEEEEEEEEEEEEEEEEEEEEEEEEEEEEEEEEEEEEEEEEE・EEEEEEEEEEEEEEEEEEEEEEEEEEEEEEEEEEEEEEEEEEE・EEEEEEEEEEEEEEEEEEEEEEEEEEEEEEEEEEEEEEEEEEE`,(NULL),time,x,y,w,h,acc,a,r,g,b,blend,filter,angle,center,loop,timer,op1,op2,op3
#DST_IMAGE,0,0,539,560,211,20,0,128,255,255,255,1,0,0,0,0,0,80,0,0
#DST_IMAGE,0,750,539,560,211,20,0,20,255,255,255,1,0,0,0,,,,,
#DST_IMAGE,0,1500,539,560,211,20,0,128,255,255,255,1,0,0,0,,,,,
,,,,,,,,,,,,,,,,,,,,
////////////////////////////////,,,,,,,,,,,,,,,,,,,,
//FADE IN/OUT,,,,,,,,,,,,,,,,,,,,
//FADE IN timer = 1,,,,,,,,,,,,,,,,,,,,
//SRC・EEEEEEEEEEEEEEEEEEEEEEEEEEEEEEEEEEEEEEEEEEE・EEEEEEEEEEEEEEEEEEEEEEEEEEEEEEEEEEEEEEEEEEE・EEEEEEEEEEEEEEEEEEEEEEEEEEEEEEEEEEEEEEEEEEE`,(NULL),gr,x,y,w,h,div_x,div_y,cycle,timer,op1,op2,op3,,,,,,,
#SRC_IMAGE,0,0,0,0,1,1,1,1,0,1,0,0,0,,,,,,,
//DST・EEEEEEEEEEEEEEEEEEEEEEEEEEEEEEEEEEEEEEEEEEE・EEEEEEEEEEEEEEEEEEEEEEEEEEEEEEEEEEEEEEEEEEE・EEEEEEEEEEEEEEEEEEEEEEEEEEEEEEEEEEEEEEEEEEE`,(NULL),time,x,y,w,h,acc,a,r,g,b,blend,filter,angle,center,loop,timer,op1,op2,op3
#DST_IMAGE,0,0,0,0,1280,720,0,255,255,255,255,1,0,0,0,200,1,0,0,0
#DST_IMAGE,0,200,0,0,1280,720,0,0,255,255,255,1,0,0,0,,,,,
,,,,,,,,,,,,,,,,,,,,
//FADE OUT timer = 2,,,,,,,,,,,,,,,,,,,,
//SRC・EEEEEEEEEEEEEEEEEEEEEEEEEEEEEEEEEEEEEEEEEEE・EEEEEEEEEEEEEEEEEEEEEEEEEEEEEEEEEEEEEEEEEEE・EEEEEEEEEEEEEEEEEEEEEEEEEEEEEEEEEEEEEEEEEEE`,(NULL),gr,x,y,w,h,div_x,div_y,cycle,timer,op1,op2,op3,,,,,,,
#SRC_IMAGE,0,0,0,0,1,1,1,1,0,2,0,0,0,,,,,,,
//DST・EEEEEEEEEEEEEEEEEEEEEEEEEEEEEEEEEEEEEEEEEEE・EEEEEEEEEEEEEEEEEEEEEEEEEEEEEEEEEEEEEEEEEEE・EEEEEEEEEEEEEEEEEEEEEEEEEEEEEEEEEEEEEEEEEEE`,(NULL),time,x,y,w,h,acc,a,r,g,b,blend,filter,angle,center,loop,timer,op1,op2,op3
#DST_IMAGE,0,0,0,0,1280,720,0,0,255,255,255,1,0,0,0,200,2,0,0,0
#DST_IMAGE,0,200,0,0,1280,720,0,255,255,255,255,1,0,0,0,,,,,
,,,,,,,,,,,,,,,,,,,,
//FAILED FADE OUT,,,,,,,,,,,,,,,,,,,,
//SRC・EEEEEEEEEEEEEEEEEEEEEEEEEEEEEEEEEEEEEEEEEEE・EEEEEEEEEEEEEEEEEEEEEEEEEEEEEEEEEEEEEEEEEEE・EEEEEEEEEEEEEEEEEEEEEEEEEEEEEEEEEEEEEEEEEEE`,(NULL),gr,x,y,w,h,div_x,div_y,cycle,timer,op1,op2,op3,,,,,,,
#SRC_IMAGE,0,0,0,1,1,1,1,1,0,3,0,0,0,,,,,,,
//DST・EEEEEEEEEEEEEEEEEEEEEEEEEEEEEEEEEEEEEEEEEEE・EEEEEEEEEEEEEEEEEEEEEEEEEEEEEEEEEEEEEEEEEEE・EEEEEEEEEEEEEEEEEEEEEEEEEEEEEEEEEEEEEEEEEEE`,(NULL),time,x,y,w,h,acc,a,r,g,b,blend,filter,angle,center,loop,timer,op1,op2,op3
#DST_IMAGE,0,2800,0,0,1280,720,0,0,255,255,255,1,0,0,0,3000,3,0,0,0
#DST_IMAGE,0,3000,0,0,1280,720,0,255,255,255,255,1,0,0,0,,,,,
,,,,,,,,,,,,,,,,,,,,
//TIME LABEL,,,,,,,,,,,,,,,,,,,,
//SRC・EEEEEEEEEEEEEEEEEEEEEEEEEEEEEEEEEEEEEEEEEEE・EEEEEEEEEEEEEEEEEEEEEEEEEEEEEEEEEEEEEEEEEEE・EEEEEEEEEEEEEEEEEEEEEEEEEEEEEEEEEEEEEEEEEEE`,(NULL),gr,x,y,w,h,div_x,div_y,cycle,timer,op1,op2,op3,,,,,,,
#SRC_IMAGE,0,0,15,703,346,29,1,1,0,1,0,0,0,,,,,,,
//DST・EEEEEEEEEEEEEEEEEEEEEEEEEEEEEEEEEEEEEEEEEEE・EEEEEEEEEEEEEEEEEEEEEEEEEEEEEEEEEEEEEEEEEEE・EEEEEEEEEEEEEEEEEEEEEEEEEEEEEEEEEEEEEEEEEEE`,(NULL),time,x,y,w,h,acc,a,r,g,b,blend,filter,angle,center,loop,timer,op1,op2,op3
#DST_IMAGE,0,0,1169,685,100,8,0,255,255,255,255,1,0,0,0,0,0,0,0,0
//SECONDS,,,,,,,,,,,,,,,,,,,,
//SRC・EEEEEEEEEEEEEEEEEEEEEEEEEEEEEEEEEEEEEEEEEEE・EEEEEEEEEEEEEEEEEEEEEEEEEEEEEEEEEEEEEEEEEEE・EEEEEEEEEEEEEEEEEEEEEEEEEEEEEEEEEEEEEEEEEEE`,(null),gr,x,y,w,h,div_x,div_y,cycle,timer,num,align,keta,,,,,,,
#SRC_NUMBER,0,0,0,1539,258,27,10,1,0,0,26,0,2,,,,,,,
//DST・EEEEEEEEEEEEEEEEEEEEEEEEEEEEEEEEEEEEEEEEEEE・EEEEEEEEEEEEEEEEEEEEEEEEEEEEEEEEEEEEEEEEEEE・EEEEEEEEEEEEEEEEEEEEEEEEEEEEEEEEEEEEEEEEEEE`,(NULL),time,x,y,w,h,acc,a,r,g,b,blend,filter,angle,center,loop,timer,,,
#DST_NUMBER,0,0,1234,695,18,20,0,255,255,255,255,1,0,0,0,0,0,,,
//TIME COLON,,,,,,,,,,,,,,,,,,,,
//SRC・EEEEEEEEEEEEEEEEEEEEEEEEEEEEEEEEEEEEEEEEEEE・EEEEEEEEEEEEEEEEEEEEEEEEEEEEEEEEEEEEEEEEEEE・EEEEEEEEEEEEEEEEEEEEEEEEEEEEEEEEEEEEEEEEEEE`,(NULL),gr,x,y,w,h,div_x,div_y,cycle,timer,op1,op2,op3,,,,,,,
#SRC_IMAGE,0,0,290,1498,8,26,1,1,0,0,0,0,0,,,,,,,
//DST・EEEEEEEEEEEEEEEEEEEEEEEEEEEEEEEEEEEEEEEEEEE・EEEEEEEEEEEEEEEEEEEEEEEEEEEEEEEEEEEEEEEEEEE・EEEEEEEEEEEEEEEEEEEEEEEEEEEEEEEEEEEEEEEEEEE`,(NULL),time,x,y,w,h,acc,a,r,g,b,blend,filter,angle,center,loop,timer,op1,op2,op3
#DST_IMAGE,0,0,1229,701,5,13,0,255,255,255,255,1,0,0,0,0,0,0,0,0
//MINUTES,,,,,,,,,,,,,,,,,,,,
//SRC・EEEEEEEEEEEEEEEEEEEEEEEEEEEEEEEEEEEEEEEEEEE・EEEEEEEEEEEEEEEEEEEEEEEEEEEEEEEEEEEEEEEEEEE・EEEEEEEEEEEEEEEEEEEEEEEEEEEEEEEEEEEEEEEEEEE`,(null),gr,x,y,w,h,div_x,div_y,cycle,timer,num,align,keta,,,,,,,
#SRC_NUMBER,0,0,0,1539,258,27,10,1,0,0,25,0,2,,,,,,,
//DST・EEEEEEEEEEEEEEEEEEEEEEEEEEEEEEEEEEEEEEEEEEE・EEEEEEEEEEEEEEEEEEEEEEEEEEEEEEEEEEEEEEEEEEE・EEEEEEEEEEEEEEEEEEEEEEEEEEEEEEEEEEEEEEEEEEE`,(NULL),time,x,y,w,h,acc,a,r,g,b,blend,filter,angle,center,loop,timer,,,
#DST_NUMBER,0,0,1190,695,18,20,0,255,255,255,255,1,0,0,0,0,0,,,
//TIME COLON,,,,,,,,,,,,,,,,,,,,
//SRC・EEEEEEEEEEEEEEEEEEEEEEEEEEEEEEEEEEEEEEEEEEE・EEEEEEEEEEEEEEEEEEEEEEEEEEEEEEEEEEEEEEEEEEE・EEEEEEEEEEEEEEEEEEEEEEEEEEEEEEEEEEEEEEEEEEE`,(NULL),gr,x,y,w,h,div_x,div_y,cycle,timer,op1,op2,op3,,,,,,,
#SRC_IMAGE,0,0,290,1498,8,26,1,1,0,0,0,0,0,,,,,,,
//DST・EEEEEEEEEEEEEEEEEEEEEEEEEEEEEEEEEEEEEEEEEEE・EEEEEEEEEEEEEEEEEEEEEEEEEEEEEEEEEEEEEEEEEEE・EEEEEEEEEEEEEEEEEEEEEEEEEEEEEEEEEEEEEEEEEEE`,(NULL),time,x,y,w,h,acc,a,r,g,b,blend,filter,angle,center,loop,timer,op1,op2,op3
#DST_IMAGE,0,0,1184,701,5,13,0,255,255,255,255,1,0,0,0,0,0,0,0,0
//MINUTES,,,,,,,,,,,,,,,,,,,,
//SRC・EEEEEEEEEEEEEEEEEEEEEEEEEEEEEEEEEEEEEEEEEEE・EEEEEEEEEEEEEEEEEEEEEEEEEEEEEEEEEEEEEEEEEEE・EEEEEEEEEEEEEEEEEEEEEEEEEEEEEEEEEEEEEEEEEEE`,(null),gr,x,y,w,h,div_x,div_y,cycle,timer,num,align,keta,,,,,,,
#SRC_NUMBER,0,0,0,1539,258,27,10,1,0,0,24,0,2,,,,,,,
//DST・EEEEEEEEEEEEEEEEEEEEEEEEEEEEEEEEEEEEEEEEEEE・EEEEEEEEEEEEEEEEEEEEEEEEEEEEEEEEEEEEEEEEEEE・EEEEEEEEEEEEEEEEEEEEEEEEEEEEEEEEEEEEEEEEEEE`,(NULL),time,x,y,w,h,acc,a,r,g,b,blend,filter,angle,center,loop,timer,,,
#DST_NUMBER,0,0,1145,695,18,20,0,255,255,255,255,1,0,0,0,0,0,,,
